episode,episode_seed,episode_return,decision_count,normal_action_count,forced_action_count,random_action_count,policy_action_count,local_action_count,edge_action_count,cloud_action_count,drop_action_count,total_jobs,completed_jobs,dropped_jobs,unresolved_jobs,simulation_end_time,episode_updates,global_decision_steps,global_normal_action_steps,replay_size,replay_trainable_size,replay_forced_size,masac_update_step,critic_loss,q1_loss,q2_loss,actor_loss,alpha_loss,alpha,policy_entropy,target_entropy,mean_q1,mean_q2,mean_target_q,wall_time_seconds,per_agent_returns
1,42,-1468.049960470024,1386,1360,26,1360,0,877,386,97,26,1000,347,653,0,5966.285420917914,910,1386,1360,1386,1360,26,364,0.6409582523854225,0.3160379662291034,0.3249202847644523,-0.12723671798850153,1.0490290706874905,0.10262325406074524,1.7057639095809434,2.1602736900140953,-0.777982312225184,-0.7748286723824483,-0.8065430716498867,8.867260500002885,"{""DC-1"": -298.73665306957787, ""DC-2"": -257.95436680046157, ""DC-3"": -339.44413242024257, ""DC-4"": -236.17197726554554, ""DC-5"": -335.74283091419403}"
2,43,-1502.699192724923,1335,1307,28,1307,0,875,335,97,28,1000,323,677,0,6239.222576878486,3260,2721,2667,2721,2667,54,1668,0.25766320515172614,0.12602533298927399,0.13163787204018035,-0.39541917652165964,1.671949553782223,0.11746681481599808,1.4018454941138168,2.1589589771317557,-0.6820206128289363,-0.6818874008176516,-0.6812156382879596,18.652439900004538,"{""DC-1"": -285.0246203855698, ""DC-2"": -307.39000395554723, ""DC-3"": -284.6486490368572, ""DC-4"": -245.99476040379568, ""DC-5"": -379.64115894314995}"
3,44,-1464.7584227411185,1353,1336,17,1336,0,884,353,99,17,1000,328,672,0,5627.302278736786,3340,4074,4003,4074,4003,71,3004,0.1513717729642898,0.07209444420557179,0.07927732868398914,-0.7860060044034513,1.5544952763768727,0.1342843472957611,1.4085403626550457,2.1577747786830286,-0.32999048198567715,-0.3296077471192993,-0.3290465461034439,19.92639809998218,"{""DC-1"": -274.23129567386826, ""DC-2"": -284.3796993885814, ""DC-3"": -327.51739310544804, ""DC-4"": -245.00276823737767, ""DC-5"": -333.62726633584225}"
4,45,-2112.3981028672038,7640,7527,113,997,6530,765,6640,122,113,1000,361,639,0,8109.062079818535,18820,11714,11530,11714,11530,184,10532,0.04252487962761662,0.019771624912035737,0.022753254700599062,-3.40422427026549,1.0342617717990206,0.2765067219734192,1.536388255267797,2.1571830382509263,2.462192419284903,2.4621381074718895,2.463054413084504,116.25206529998104,"{""DC-1"": -436.40291541026465, ""DC-2"": -407.7760465670076, ""DC-3"": -451.55453000291874, ""DC-4"": -390.8884664255258, ""DC-5"": -425.7761444612918}"
5,46,-1768.70647538615,6767,6593,174,0,6593,581,5767,245,174,1000,583,417,0,6511.432576878486,16480,18481,18123,18481,18123,358,17124,0.028985631599845997,0.014060537690676531,0.014925093895889077,-12.35327970362404,0.373861528591714,0.49088889360427856,1.7949172619766403,2.156376462914411,11.423075002258264,11.4230285175217,11.423469443460112,102.80920809999225,"{""DC-1"": -395.5194187809782, ""DC-2"": -397.3594559090708, ""DC-3"": -412.6923286684379, ""DC-4"": -296.81212029420277, ""DC-5"": -266.32315173341203}"
6,47,-1634.9794111962797,4214,4075,139,0,4075,660,3214,201,139,1000,477,523,0,6270.642576878486,10190,22695,22198,22695,22198,497,21200,0.08677138271225183,0.0429372497989638,0.04383413289619703,-25.221104645284516,0.06607664490080466,0.644629180431366,2.0462486846758177,2.156692914405913,23.992629717563858,23.992469589750012,23.993787375235815,63.08953320002183,"{""DC-1"": -319.4501720671687, ""DC-2"": -381.9009630152035, ""DC-3"": -381.6041092139099, ""DC-4"": -292.6816543844108, ""DC-5"": -259.3425125155599}"
7,48,-1454.5826521275317,3267,3166,101,0,3166,699,2267,200,101,1000,510,490,0,6189.558939287877,7920,25962,25364,25962,25364,598,24368,0.20032720663725878,0.09894532557774448,0.10138188185866433,-37.14843123151798,0.004656883644775283,0.6808593273162842,2.1461581029675223,2.1573956684632734,35.729068867606344,35.72936157987575,35.72835159494419,49.49218989998917,"{""DC-1"": -333.62353334941287, ""DC-2"": -305.77220157756085, ""DC-3"": -337.87342597847896, ""DC-4"": -265.8841454104853, ""DC-5"": -211.42934581158147}"
8,49,-1471.4227375823236,3395,3273,122,0,3273,682,2395,196,122,1000,517,483,0,6185.832576878485,8180,29357,28637,29357,28637,720,27640,0.31405235930894726,0.156260766587186,0.157791594044968,-47.260724032712154,6.121598457499729e-05,0.6836795806884766,2.157100424527539,2.1572508951271074,45.83353533569933,45.83344271410357,45.83249944253189,51.499992199998815,"{""DC-1"": -270.7604841644643, ""DC-2"": -293.745074255334, ""DC-3"": -359.7781850444939, ""DC-4"": -243.81958743995514, ""DC-5"": -303.31940667805924}"
9,50,-1515.8294443178158,3432,3308,124,0,3308,662,2432,214,124,1000,510,490,0,6273.362576878485,8270,32789,31945,32789,31945,844,30948,0.518660691692218,0.255187419833933,0.2634732728920868,-56.07233870205308,0.00014425781537525856,0.6902637481689453,2.1567894237938066,2.1571556996549632,54.65278514230121,54.65338714904047,54.65217880654941,52.05045599999721,"{""DC-1"": -303.5314801414327, ""DC-2"": -296.07260527459533, ""DC-3"": -350.3796627398457, ""DC-4"": -310.3660230870034, ""DC-5"": -255.47967307492576}"
10,51,-1552.4671999261768,3436,3318,118,0,3318,689,2436,193,118,1000,468,532,0,6286.372576878485,8290,36225,35263,36225,35263,962,34264,0.8589062776780532,0.41093313951939525,0.44797313538648464,-63.70128104390511,0.0002426046856262792,0.6977131366729736,2.156712129320253,2.1573706869912233,62.27667375847572,62.27732530830853,62.272266535649685,52.11894079999183,"{""DC-1"": -272.0578209097336, ""DC-2"": -323.4136465712259, ""DC-3"": -412.98679239766443, ""DC-4"": -254.57149765327418, ""DC-5"": -289.4374423942574}"
11,52,-1485.2290262910624,3143,3039,104,0,3039,695,2143,201,104,1000,484,516,0,6099.042079818539,7600,39368,38302,39368,38302,1066,37304,0.8511906594145847,0.4007421295207582,0.45044853023253384,-70.0486701624017,0.00023329560371884757,0.7061458826065063,2.15694636103354,2.1575891149671453,68.62162961357518,68.62032219936974,68.61618817279214,47.97851129999617,"{""DC-1"": -303.2238220176954, ""DC-2"": -322.6302639337855, ""DC-3"": -347.66089438891845, ""DC-4"": -268.67806722799054, ""DC-5"": -243.03597872265578}"
12,53,-1551.1220760692602,3268,3162,106,0,3162,724,2268,170,106,1000,452,548,0,6168.368939287877,7910,42636,41464,42636,41464,1172,40468,1.011660394268452,0.45960200021535574,0.5520583950764912,-75.35427164302011,0.00017514764397877814,0.7108271718025208,2.1577423863706335,2.1582101355913164,73.91231702956478,73.91154946231963,73.9078570494911,49.72391870000865,"{""DC-1"": -356.6278501658278, ""DC-2"": -291.64289329863556, ""DC-3"": -356.2782106782105, ""DC-4"": -266.80816056497514, ""DC-5"": -279.76496136159267}"
13,54,-1505.4171373122508,3163,3060,103,0,3060,744,2163,153,103,1000,466,534,0,6292.832079818538,7650,45799,44524,45799,44524,1275,43528,1.3102543832819447,0.5754569358047512,0.7347974527466531,-80.08563267925986,-4.826466578783261e-06,0.7126166820526123,2.157729889053145,2.1577070127437317,78.6336046256271,78.63529408373864,78.62874128553602,48.19251829999848,"{""DC-1"": -382.2516640242511, ""DC-2"": -275.3299120481347, ""DC-3"": -329.9444683103178, ""DC-4"": -252.5306349937283, ""DC-5"": -265.3604579358025}"
14,55,-1501.2761448012716,3257,3138,119,0,3138,677,2257,204,119,1000,494,506,0,6270.682576878486,7840,49056,47662,49056,47662,1394,46664,1.1458790649498376,0.5192607322251614,0.6266183361092734,-84.18118466552423,-7.815098239489646e-05,0.7110093832015991,2.158366718340893,2.1581034781373276,82.72712680660949,82.72718730459408,82.72218421527317,49.571490000002086,"{""DC-1"": -342.3040851100563, ""DC-2"": -309.935534722211, ""DC-3"": -329.482556222066, ""DC-4"": -260.0506827526734, ""DC-5"": -259.50328599425086}"
15,56,-1492.8824696317906,3192,3084,108,0,3084,707,2192,185,108,1000,487,513,0,6135.978939287877,7710,52248,50746,52248,50746,1502,49748,1.2038487561733189,0.5556646671518201,0.6481840963783431,-87.70454041892917,0.00015378258811704325,0.7164759039878845,2.1577366357029026,2.1581771247890984,86.25104866671036,86.25075158343087,86.24612640598559,48.42250260000583,"{""DC-1"": -301.23537979801284, ""DC-2"": -319.2603013797492, ""DC-3"": -321.6953194329915, ""DC-4"": -256.2583694848626, ""DC-5"": -294.4330995361626}"
16,57,-1456.3459472805682,3017,2903,114,0,2903,692,2017,194,114,1000,494,506,0,6159.072576878485,7260,55265,53649,55265,53649,1616,52652,1.495035541206393,0.7115183453811923,0.7835171987130705,-90.63159010916046,0.00014461443825084818,0.7209587097167969,2.1575359560898186,2.157936199670324,89.1786008524829,89.1787050294482,89.17050224178094,45.95801030000439,"{""DC-1"": -321.5402115155551, ""DC-2"": -304.61562803369776, ""DC-3"": -288.0080263619315, ""DC-4"": -314.5460818405688, ""DC-5"": -227.63599952880213}"
17,58,-1450.758130860133,3073,2966,107,0,2966,702,2073,191,107,1000,498,502,0,6055.985351571024,7410,58338,56615,58338,56615,1723,55616,1.5760809254328572,0.7491562216478562,0.8269247041716066,-93.15589082437327,-9.721086707560649e-05,0.7193671464920044,2.158445249491858,2.1581454844288177,91.6929713569672,91.69427296359207,91.68814139115183,46.92018659997848,"{""DC-1"": -276.8341630294149, ""DC-2"": -265.82415474605307, ""DC-3"": -336.46446412189135, ""DC-4"": -242.02696340583003, ""DC-5"": -329.608385556931}"
18,59,-1537.1509585191134,3263,3150,113,0,3150,709,2263,178,113,1000,468,532,0,6054.5954209179135,7880,61601,59765,61601,59765,1836,58768,1.7234623297216929,0.8112819409962309,0.9121803831952023,-95.41098502105868,0.0001739000837019583,0.7253089547157288,2.1574478684040495,2.157956343647187,93.94804621081667,93.94937020122703,93.9440056186037,49.734934499982046,"{""DC-1"": -347.56353651453094, ""DC-2"": -292.0573198963695, ""DC-3"": -336.20899578556543, ""DC-4"": -277.8112908360992, ""DC-5"": -283.5098154865384}"
19,60,-1457.11214145733,3233,3131,102,0,3131,709,2233,189,102,1000,505,495,0,6096.455420917914,7830,64834,62896,64834,62896,1938,61900,1.6433469658857867,0.7786433101352185,0.864703656743503,-97.44796496862652,3.2260271654872275e-05,0.725993812084198,2.1579086917570267,2.1579704956685597,95.982975476729,95.9842505414824,95.97803895348638,49.6269777000125,"{""DC-1"": -332.536218588285, ""DC-2"": -304.73909802975584, ""DC-3"": -327.8455110824173, ""DC-4"": -220.36639827757736, ""DC-5"": -271.6249154792801}"
20,61,-1491.2074489403872,3372,3277,95,0,3277,701,2372,204,95,1000,491,509,0,6146.922079818538,8190,68206,66173,68206,66173,2033,65176,1.8617642301488417,0.8599790408388599,1.0017851978786043,-99.36895392281669,0.00014558851086933698,0.7311717867851257,2.1575581708379428,2.1579941251775723,97.89691306685936,97.89634322468032,97.8900027329814,52.487596699997084,"{""DC-1"": -309.42019369094265, ""DC-2"": -342.2439558569716, ""DC-3"": -329.4260012745463, ""DC-4"": -259.7571366017001, ""DC-5"": -250.3601615162107}"
21,62,-1518.5841556265927,3336,3219,117,0,3219,690,2336,193,117,1000,491,509,0,6093.638939287877,8050,71542,69392,71542,69392,2150,68396,2.0214803602865765,0.9738757114149399,1.0476046409286697,-101.10095525611261,6.936080104480526e-05,0.7319658398628235,2.1577253228833215,2.157914965434104,99.61895319589176,99.615961364367,99.61138405177904,51.020362599985674,"{""DC-1"": -311.14591613933, ""DC-2"": -355.1962593472539, ""DC-3"": -326.46103401447914, ""DC-4"": -237.90050548396624, ""DC-5"": -287.8804406415434}"
22,63,-1449.7321054987344,3177,3080,97,0,3080,719,2177,184,97,1000,503,497,0,6166.528939287877,7700,74719,72472,74719,72472,2247,71476,1.5440491292151537,0.7217891620602701,0.8222599670910216,-102.51356623661982,0.00011573075033745474,0.7361673712730408,2.1575686436814148,2.157911933614062,101.03998558341682,101.03975683038885,101.03333620343889,48.70096809999086,"{""DC-1"": -334.4059858637183, ""DC-2"": -268.1020519211939, ""DC-3"": -349.21703367246994, ""DC-4"": -227.14252958203951, ""DC-5"": -270.8645044592981}"
23,64,-1461.0414351005613,3047,2950,97,0,2950,716,2047,187,97,1000,491,509,0,6023.545351571024,7370,77766,75422,77766,75422,2344,74424,1.4703631715381484,0.6764086106966478,0.7939545641073217,-103.57975939229192,-0.00010171830309400136,0.7317498326301575,2.1584863802794687,2.158120815401323,102.10521105244817,102.10847010722478,102.10387506989643,46.542562899994664,"{""DC-1"": -317.37040735340764, ""DC-2"": -307.0249546947856, ""DC-3"": -342.78436025434434, ""DC-4"": -261.6255562371946, ""DC-5"": -232.23615656081213}"
24,65,-1503.4921276953523,3354,3249,105,0,3249,706,2354,189,105,1000,483,517,0,6062.2420798185385,8120,81120,78671,81120,78671,2449,77672,1.9523041956640523,0.925285663761272,1.0270185304521193,-104.51368922153718,7.038423100132563e-05,0.7340587377548218,2.158097101784692,2.1582850186108367,103.0399265853055,103.0408843834412,103.03300901704233,51.17205570000806,"{""DC-1"": -313.6284569097726, ""DC-2"": -280.0007828652536, ""DC-3"": -340.11881875143746, ""DC-4"": -299.6444914112601, ""DC-5"": -270.09957775761796}"
25,66,-1490.641848860694,3084,2972,112,0,2972,709,2084,179,112,1000,478,522,0,6085.385351571024,7430,84204,81643,84204,81643,2561,80644,1.5062117858658248,0.66670985741799,0.8395019231060793,-105.32888052364056,0.0001344775379574914,0.7375199198722839,2.1578630076763927,2.1582697271498503,103.85215580505124,103.8507073506372,103.8483805834846,47.16236769998795,"{""DC-1"": -320.3908989428121, ""DC-2"": -269.2666078179091, ""DC-3"": -376.2208159545062, ""DC-4"": -235.94947104962424, ""DC-5"": -288.8140550958318}"
26,67,-1456.6288693270408,3226,3121,105,0,3121,688,2226,207,105,1000,513,487,0,6501.582576878484,7810,87430,84764,87430,84764,2666,83768,1.6529644115461888,0.7365281330457342,0.9164362698650315,-105.98195197072438,-5.5036427470376634e-05,0.7358365058898926,2.1582966015067204,2.1580873368796865,104.51001234750589,104.50774196277965,104.50183682899622,49.65667019999819,"{""DC-1"": -271.629822942073, ""DC-2"": -296.375482931225, ""DC-3"": -343.92130721074034, ""DC-4"": -262.9582999100612, ""DC-5"": -281.7439563329307}"
27,68,-1479.8551268197602,3242,3139,103,0,3139,700,2242,197,103,1000,496,504,0,6351.322576878485,7840,90672,87903,90672,87903,2769,86904,1.4361521586034522,0.6622047421389392,0.7739474151711151,-106.40203489478753,-0.0002781340878736584,0.7261449694633484,2.158802257143721,2.1578813379516406,104.94490327445828,104.9461834732367,104.94117051825232,49.18972679998842,"{""DC-1"": -299.70028202187365, ""DC-2"": -294.6025105063381, ""DC-3"": -333.63655097667294, ""DC-4"": -275.96543167569206, ""DC-5"": -275.95035163917277}"
28,69,-1514.1808547756657,3423,3314,109,0,3314,709,2423,182,109,1000,489,511,0,6327.622576878485,8290,94095,91217,94095,91217,2878,90220,1.6477932868446745,0.7903457454474254,0.8574475391108466,-106.70508079666855,-5.8332898269830985e-05,0.7239454984664917,2.1582124339081843,2.1579989125846524,105.24745409037149,105.24693725549125,105.23994476815328,52.08449480001582,"{""DC-1"": -318.5850862256668, ""DC-2"": -254.19634456066228, ""DC-3"": -421.50950041960704, ""DC-4"": -277.9872094045139, ""DC-5"": -241.90271416519525}"
29,70,-1531.0237337275755,3224,3111,113,0,3111,698,2224,189,113,1000,467,533,0,6406.012576878485,7780,97319,94328,97319,94328,2991,93332,1.9083390888200167,0.8892265258763934,1.0191125534379084,-106.9982739053839,0.00011613901943515431,0.729665994644165,2.157617113185726,2.1579627155338277,105.5389552501296,105.54024691446888,105.53359352739427,49.40951960001257,"{""DC-1"": -316.89627490086815, ""DC-2"": -344.38325577774197, ""DC-3"": -374.4584839186671, ""DC-4"": -223.33568565176526, ""DC-5"": -271.9500334785175}"
30,71,-1479.9846450469784,3012,2911,101,0,2911,715,2012,184,101,1000,480,520,0,6259.182576878486,7270,100331,97239,100331,97239,3092,96240,1.6132282846198613,0.759386813331093,0.8538414605750998,-107.27475655305173,2.573024477691811e-06,0.7299132943153381,2.1579486558329126,2.157928159738669,105.81221950378838,105.81333182333589,105.80568210753975,46.49218479997944,"{""DC-1"": -318.97386142868436, ""DC-2"": -267.73880557081156, ""DC-3"": -339.0305436608651, ""DC-4"": -290.58359307869256, ""DC-5"": -263.65784130791815}"
31,72,-1507.7426281562716,3343,3245,98,0,3245,700,2343,202,98,1000,481,519,0,6288.762576878486,8120,103674,100484,103674,100484,3190,99488,1.5981259931411063,0.7958908109388915,0.8022351691976484,-107.32944556926859,-0.00018331077365030355,0.723241925239563,2.158470966516457,2.15785995163941,105.8807704249039,105.87812317251571,105.87461597743292,51.45602660000441,"{""DC-1"": -325.3345351602612, ""DC-2"": -299.6913162896306, ""DC-3"": -376.57177375967547, ""DC-4"": -239.65411724569475, ""DC-5"": -266.4908857009928}"
32,73,-1477.9819001145283,3171,3065,106,0,3065,702,2171,192,106,1000,492,508,0,6154.868939287877,7660,106845,103549,106845,103549,3296,102552,1.6886922629554963,0.8283220367900074,0.8603702249574443,-107.26846442558747,-0.00035112036767326945,0.7120530009269714,2.159344599732531,2.1582663331890855,105.82230106084839,105.82218678028714,105.81818158819532,48.70004440000048,"{""DC-1"": -348.7185799397121, ""DC-2"": -289.9940915303848, ""DC-3"": -317.49034384026737, ""DC-4"": -272.99515895028895, ""DC-5"": -248.7837258538639}"
33,74,-1422.5272025575266,3362,3265,97,0,3265,689,2362,214,97,1000,534,466,0,6142.052079818538,8160,110207,106814,110207,106814,3393,105816,1.8888436694191222,0.9224475524369993,0.9663961299640291,-107.23739231894999,0.0002242539242027252,0.7209151983261108,2.1570581986039294,2.15770768239802,105.78265743162117,105.78271594234542,105.77672797558354,51.17500799999107,"{""DC-1"": -268.3056947306553, ""DC-2"": -257.8923317111669, ""DC-3"": -375.49624219578254, ""DC-4"": -265.9369480273004, ""DC-5"": -254.8959858926171}"
34,75,-1493.6978218990573,3315,3215,100,0,3215,711,2315,189,100,1000,483,517,0,6143.162079818538,8040,113522,110029,113522,110029,3493,109032,2.3055903492652954,1.1501111179868233,1.1554792400032505,-107.31666788699022,4.67691187609557e-05,0.7209802865982056,2.157566074915786,2.1576849438361267,105.86436772702345,105.86324032076556,105.85251134616226,50.44975440000417,"{""DC-1"": -355.0615323250844, ""DC-2"": -254.74387977175076, ""DC-3"": -366.09113277398075, ""DC-4"": -230.48615796318688, ""DC-5"": -287.3151190650429}"
35,76,-1448.334352715526,3127,3013,114,0,3013,681,2127,205,114,1000,521,479,0,6160.818939287877,7530,116649,113042,116649,113042,3607,112044,2.385174194326597,1.1862165307955121,1.198957664129704,-107.40485669626183,-1.492254069763895e-05,0.719495415687561,2.1581095174330955,2.1580297735741096,105.95271318899208,105.95198855153119,105.94195160479501,48.35528849999537,"{""DC-1"": -261.5720725250577, ""DC-2"": -298.7148500810056, ""DC-3"": -357.04454475250776, ""DC-4"": -266.90968585608704, ""DC-5"": -264.0931995008565}"
36,77,-1471.0712735962459,3209,3103,106,0,3103,700,2209,194,106,1000,501,499,0,6355.152576878485,7760,119858,116145,119858,116145,3713,115148,2.555788183012574,1.2608190103501236,1.2949691804740386,-107.46462171790526,2.4683038379604562e-05,0.7210851907730103,2.157943674584025,2.157983408054126,106.01481353818755,106.01765240541438,106.00493478676708,50.313593600003514,"{""DC-1"": -314.7626638972729, ""DC-2"": -286.10804234050727, ""DC-3"": -344.47812026326574, ""DC-4"": -249.61830957879988, ""DC-5"": -276.1041375163887}"
37,78,-1480.4134266958272,3129,3029,100,0,3029,717,2129,183,100,1000,476,524,0,6274.752576878485,7570,122987,119174,122987,119174,3813,118176,1.9382963684307537,0.9481710375713546,0.990125338618042,-107.45991598655873,5.2147258760972265e-05,0.7198721170425415,2.157971931669167,2.1580826674301368,106.02023962769199,106.01940110583287,106.01323765864304,51.568494899984216,"{""DC-1"": -265.32269600401173, ""DC-2"": -317.61990935727414, ""DC-3"": -354.16205004796126, ""DC-4"": -286.5528755403179, ""DC-5"": -256.75589574624803}"
38,79,-1528.7396053495752,3176,3071,105,0,3071,705,2176,190,105,1000,463,537,0,6192.292576878485,7680,126163,122245,126163,122245,3918,121248,2.216379516245797,1.1159608854145822,1.1004186191673702,-107.35749819775423,6.018059799923018e-05,0.7207890748977661,2.157617104612291,2.1577881812117994,105.91665086646874,105.91575344999632,105.90733642677466,50.881140600016806,"{""DC-1"": -370.2560416272502, ""DC-2"": -249.91990463169574, ""DC-3"": -361.3780265676126, ""DC-4"": -275.653111853265, ""DC-5"": -271.53252066973363}"
39,80,-1537.1019308579944,3601,3490,111,0,3490,678,2601,211,111,1000,488,512,0,8253.991504602063,8720,129764,125735,129764,125735,4029,124736,1.8452583082652556,0.9077071616391933,0.9375511456656893,-107.28744651549454,-9.554913512472738e-05,0.7179422974586487,2.158371219257696,2.158064811628893,105.8470149092718,105.8471682950991,105.84092267587644,56.23918350000167,"{""DC-1"": -285.8916385129239, ""DC-2"": -333.99303799824315, ""DC-3"": -324.9966290303188, ""DC-4"": -299.32513513371066, ""DC-5"": -292.8954901827799}"
40,81,-1495.8333569782428,3362,3252,110,0,3252,670,2362,220,110,1000,503,497,0,6344.422576878485,8130,133126,128987,133126,128987,4139,127988,1.881348128721283,0.9142331922855251,0.9671149436993866,-107.1630962066838,6.14113826512303e-05,0.7207645773887634,2.158000998977952,2.1581517394031837,105.72252209558991,105.72183318566279,105.71601919664522,53.42758430002141,"{""DC-1"": -252.35362189282435, ""DC-2"": -333.7701184131492, ""DC-3"": -368.2682096362033, ""DC-4"": -265.93210512475446, ""DC-5"": -275.509301911293}"
41,82,-1477.5493917347121,3281,3174,107,0,3174,691,2281,202,107,1000,504,496,0,6174.822576878485,7940,136407,132161,136407,132161,4246,131164,1.8415964932263047,0.9152471386402921,0.9263493543439157,-107.00516466770124,1.5548510455393867e-05,0.7209526896476746,2.1579881757572856,2.158011582516303,105.56572293106194,105.56632887698541,105.56096563747607,51.18615420002607,"{""DC-1"": -267.8298733425828, ""DC-2"": -343.5856053934142, ""DC-3"": -359.79282662207567, ""DC-4"": -258.0844876749929, ""DC-5"": -248.25659870162175}"
42,83,-1556.5064140046056,3573,3462,111,0,3462,708,2573,181,111,1000,466,534,0,6089.795351571024,8650,139980,135623,139980,135623,4357,134624,1.72705915870005,0.8457228903799733,0.8813362644655857,-106.73018760725253,-2.3932772132734944e-05,0.7192268371582031,2.158288099586619,2.158176843637676,105.30201251079582,105.30384039818207,105.29816609818123,55.17301279999083,"{""DC-1"": -379.5921847762575, ""DC-2"": -333.4121435821269, ""DC-3"": -337.7034600757417, ""DC-4"": -247.97822476995518, ""DC-5"": -257.82040080049273}"
43,84,-1501.9934774771016,3144,3035,109,0,3035,709,2144,182,109,1000,478,522,0,6239.222576878486,7590,143124,138658,143124,138658,4466,137660,1.4766467874346985,0.7179860361332714,0.7586607540833699,-106.54548289684753,-1.901474736317408e-05,0.7177504897117615,2.1579078869386152,2.157819156370301,105.11752428700645,105.11623177710572,105.11214866990001,49.22089149997919,"{""DC-1"": -334.1942448737234, ""DC-2"": -284.45500414168015, ""DC-3"": -331.8545781936287, ""DC-4"": -272.08237748298956, ""DC-5"": -279.4072727850678}"
44,85,-1604.1700248025102,3476,3350,126,0,3350,662,2476,212,126,1000,439,561,0,6123.9254209179135,8380,146600,142008,146600,142008,4592,141012,1.4595540940352585,0.7212416069808822,0.7383124755450963,-106.41297441814851,4.874988052916773e-05,0.7179335355758667,2.1576997338160693,2.157816110391321,104.98319059658733,104.9835976730383,104.97881652631737,53.96305590000702,"{""DC-1"": -326.52952958220857, ""DC-2"": -342.6628015170121, ""DC-3"": -359.68101231761227, ""DC-4"": -283.27594741484444, ""DC-5"": -292.0207339708109}"
45,86,-1522.0302329455683,3473,3368,105,0,3368,715,2473,180,105,1000,479,521,0,6130.452079818539,8420,150073,145376,150073,145376,4697,144380,1.6100346253914957,0.78880479208718,0.8212298239194158,-106.24193200226918,7.83692421235372e-05,0.7203428745269775,2.1577605126589323,2.1579688709875184,104.81964433176218,104.81977464852594,104.81485185872347,54.26823560000048,"{""DC-1"": -362.3091512707121, ""DC-2"": -267.2332270248035, ""DC-3"": -386.03454206164736, ""DC-4"": -249.34168472330796, ""DC-5"": -257.11162786507344}"
46,87,-1454.1263566109023,2978,2869,109,0,2869,686,1978,205,109,1000,495,505,0,6348.942576878486,7170,153051,148245,153051,148245,4806,147248,1.3501638959516542,0.663978102502921,0.6861857931463455,-106.15420440822798,-4.4131700359960315e-05,0.7193339467048645,2.158246363822054,2.1580952952596433,104.7264427621328,104.72585678845437,104.72324454867524,46.960912600014126,"{""DC-1"": -262.90092514257793, ""DC-2"": -315.64866681727256, ""DC-3"": -294.6363476917841, ""DC-4"": -308.25330864473267, ""DC-5"": -272.68710831452023}"
47,88,-1488.743490982405,3269,3155,114,0,3155,686,2269,200,114,1000,497,503,0,6096.0320798185385,7890,156320,151400,156320,151400,4920,150404,1.6617814427621767,0.8018876828432687,0.8598937501500541,-105.93229688056975,5.909171184782807e-05,0.7207101583480835,2.1580020313782686,2.158151009387994,104.50674714063057,104.50569660201272,104.50300785833439,50.94202400001814,"{""DC-1"": -322.9889163754386, ""DC-2"": -315.2059814781094, ""DC-3"": -335.05415811005366, ""DC-4"": -264.888796842089, ""DC-5"": -250.60563817669515}"
48,89,-1487.025673067803,3269,3162,107,0,3162,707,2269,186,107,1000,494,506,0,6025.738939287877,7900,159589,154562,159589,154562,5027,153564,1.637707191547261,0.7879775361499831,0.8497296567959122,-105.74678736143474,9.263597706942878e-05,0.7234985828399658,2.157548141419133,2.157805954896951,104.32247189775298,104.32352942647813,104.31784419095969,50.52253409998957,"{""DC-1"": -309.14232111261094, ""DC-2"": -322.3824113099758, ""DC-3"": -344.10218943894256, ""DC-4"": -256.7085176181657, ""DC-5"": -254.6902335880899}"
49,90,-1493.610198020469,3464,3350,114,0,3350,694,2464,192,114,1000,499,501,0,6291.282576878485,8380,163053,157912,163053,157912,5141,156916,1.2467665288997436,0.6037981724593264,0.642968354029203,-105.63292217391204,-0.00020350901497364588,0.717630922794342,2.158696529546615,2.158047171054421,104.20723093620063,104.20719555146938,104.20477737390341,54.08850220000022,"{""DC-1"": -262.0920859810587, ""DC-2"": -309.30095660677455, ""DC-3"": -368.4605743414315, ""DC-4"": -297.65279644636433, ""DC-5"": -256.10378464482613}"
50,91,-1450.5340665630188,3159,3055,104,0,3055,690,2159,206,104,1000,509,491,0,6317.632576878485,7630,166212,160967,166212,160967,5245,159968,1.272209995867853,0.6055288782594713,0.6666811172353643,-105.43451400596848,0.00017088759235618452,0.723267138004303,2.1574886097976766,2.1579732995826952,104.02423912338317,104.02307247196862,104.02002253501162,48.91838509999798,"{""DC-1"": -306.7893039919066, ""DC-2"": -314.1954898768063, ""DC-3"": -298.6199856804756, ""DC-4"": -236.9803384126506, ""DC-5"": -293.9489486011698}"
51,92,-1510.9954736432624,3262,3145,117,0,3145,704,2262,179,117,1000,481,519,0,6434.322576878484,7870,169474,164112,169474,164112,5362,163116,1.6688000391330926,0.8106922274774941,0.8581078107259325,-105.34294841141077,-8.09456618155709e-05,0.7185282111167908,2.1578339223788987,2.15755859093866,103.92483510231881,103.92580251245366,103.92070460628524,50.87894460000098,"{""DC-1"": -341.26782281866406, ""DC-2"": -271.26225158200566, ""DC-3"": -348.52489469013176, ""DC-4"": -243.71389532706533, ""DC-5"": -306.22660922538455}"
52,93,-1478.7290939960305,3248,3144,104,0,3144,695,2248,201,104,1000,496,504,0,6169.122576878485,7860,172722,167256,172722,167256,5466,166260,1.3089976664035374,0.6401011938082277,0.6688964691932572,-105.21255237394921,-6.881119745147222e-05,0.7163499593734741,2.157739710716801,2.1575063792500484,103.79595232956282,103.79617734816844,103.79247312764176,50.87538169999607,"{""DC-1"": -313.39748835476144, ""DC-2"": -315.1790447429032, ""DC-3"": -313.250852465553, ""DC-4"": -275.73385433691703, ""DC-5"": -261.1678540958786}"
53,94,-1490.086635144687,3201,3091,110,0,3091,704,2201,186,110,1000,493,507,0,6208.688939287877,7720,175923,170347,175923,170347,5576,169348,1.3007043167794308,0.639325546676901,0.6613787695263643,-105.14632604628648,-0.00015681163143816554,0.7119424939155579,2.1581468638978474,2.1576546665918026,103.7276233554504,103.72738603878516,103.72457959170168,51.110417300020345,"{""DC-1"": -300.43488024651776, ""DC-2"": -295.937115649366, ""DC-3"": -325.8852035832124, ""DC-4"": -267.15985501651653, ""DC-5"": -300.6695806490601}"
54,95,-1516.7360497593477,3530,3430,100,0,3430,711,2530,189,100,1000,483,517,0,6393.871504602057,8580,179453,173777,179453,173777,5676,172780,1.3999485384230013,0.6652687426630434,0.7346797955758644,-104.9945137575234,0.00014894860371266705,0.716158390045166,2.1575175888610607,2.1579211899728485,103.57966056059013,103.57990262669561,103.5761696448693,57.32883630000288,"{""DC-1"": -272.2753860908518, ""DC-2"": -300.6671867183345, ""DC-3"": -397.18923239428574, ""DC-4"": -253.37524437447917, ""DC-5"": -293.22900018137375}"
55,96,-1508.101447523053,3450,3335,115,0,3335,688,2450,197,115,1000,501,499,0,6092.472079818538,8340,182903,177112,182903,177112,5791,176116,1.3224780998963246,0.6440607782605169,0.6784173236815907,-104.78755474959632,-8.855777130223816e-05,0.7130700349807739,2.1581010357653208,2.1578140281373077,103.38092368512416,103.38141683491585,103.37936366513479,53.949989999993704,"{""DC-1"": -310.0653938370624, ""DC-2"": -333.766842787975, ""DC-3"": -316.37507503556435, ""DC-4"": -255.93051240065043, ""DC-5"": -291.96362346178614}"
56,97,-1513.4759265067305,3442,3339,103,0,3339,701,2442,196,103,1000,495,505,0,6249.712576878485,8340,186345,180451,186345,180451,5894,179452,1.2443036988413305,0.589184114663042,0.655119587030771,-104.5732798176132,0.00016564833351642082,0.7182823419570923,2.157408721326924,2.1578682004976617,103.16309281584742,103.16256564389602,103.15834204310136,53.82694430000265,"{""DC-1"": -312.9715317862318, ""DC-2"": -316.1076408192781, ""DC-3"": -374.99187050825606, ""DC-4"": -244.73332065246342, ""DC-5"": -264.67156274047574}"
57,98,-1450.6013606097913,3088,2990,98,0,2990,699,2088,203,98,1000,492,508,0,6382.002576878485,7480,189433,183441,189433,183441,5992,182444,1.2116469870236788,0.575669399829193,0.6359775900761074,-104.3395026181471,-0.00025447464581629706,0.7122083306312561,2.1587912342765114,2.1580031336310075,102.93612970260375,102.93602314199356,102.93417997615222,49.092704300011974,"{""DC-1"": -298.8339322579743, ""DC-2"": -337.9111778641634, ""DC-3"": -306.0097664969022, ""DC-4"": -229.39667105057606, ""DC-5"": -278.4498129401653}"
58,99,-1470.5417638002712,3098,2995,103,0,2995,720,2098,177,103,1000,492,508,0,6317.352576878486,7490,192531,186436,192531,186436,6095,185440,1.2593807827566907,0.593131271991456,0.6662495206569002,-104.07582972262985,-0.0001004724446737356,0.7092130780220032,2.1580986657671044,2.1577724194176526,102.67567322734838,102.67879208308833,102.67462224107241,49.830518100003246,"{""DC-1"": -264.67671516844484, ""DC-2"": -330.65889533301396, ""DC-3"": -336.55770883871963, ""DC-4"": -290.7603416491623, ""DC-5"": -247.88810281092086}"
59,100,-1523.6714572138862,3186,3079,107,0,3079,709,2186,184,107,1000,466,534,0,6112.855420917914,7690,195717,189515,195717,189515,6202,188516,1.4640978592889982,0.7005719589357723,0.7635258991208281,-103.79683892854014,0.00014772070694402326,0.7124907374382019,2.157213526026325,2.157616956057257,102.40538858183028,102.40422401676253,102.4016144999292,50.26268990000244,"{""DC-1"": -284.0521656155642, ""DC-2"": -290.4352699198023, ""DC-3"": -412.5110422842426, ""DC-4"": -259.09091532935344, ""DC-5"": -277.5820640649124}"
60,101,-1404.9064278243495,3124,3030,94,0,3030,684,2124,222,94,1000,523,477,0,6255.252576878485,7580,198841,192545,198841,192545,6296,191548,1.2131842800565948,0.5861958358397505,0.6269884447191195,-103.55645449192983,-3.9253376445353356e-05,0.711432933807373,2.1580100625045695,2.1578662013944663,102.1594176893813,102.15811165278694,102.15725144056657,50.11534779999056,"{""DC-1"": -254.38691385184364, ""DC-2"": -301.31613064491967, ""DC-3"": -342.5293465085192, ""DC-4"": -237.01612593633996, ""DC-5"": -269.6579108827194}"
61,102,-1477.4237877317619,3056,2952,104,0,2952,712,2056,184,104,1000,472,528,0,5976.945776770986,7380,201897,195497,200000,193634,6366,194500,1.3238766795816783,0.6351253234758609,0.688751349925268,-103.28944453107633,1.072582471226077e-05,0.7107889652252197,2.1576926430066425,2.1576976357759823,101.90352199833568,101.90477822880112,101.90238851428354,47.91569650001475,"{""DC-1"": -299.4669017387228, ""DC-2"": -326.26124027410333, ""DC-3"": -356.729389208715, ""DC-4"": -239.642046876044, ""DC-5"": -255.32420963416388}"
62,103,-1411.3682597307509,3117,3019,98,0,3019,713,2117,189,98,1000,521,479,0,6384.582576878485,7550,205014,198516,200000,193591,6409,197520,1.157316851825114,0.5667236103324701,0.5905932371367681,-102.89104634063922,-0.00018989967167244866,0.7029077410697937,2.158261781370403,2.1576726624823563,101.52506861301447,101.52444059965626,101.5224670268684,49.79873779998161,"{""DC-1"": -254.46421570602138, ""DC-2"": -283.34268742997625, ""DC-3"": -343.12326314148646, ""DC-4"": -272.871768065183, ""DC-5"": -257.56632538807156}"
63,104,-1488.3406235928603,3032,2920,112,0,2920,699,2032,189,112,1000,485,515,0,6366.482576878485,7300,208046,201436,200000,193546,6454,200440,1.4994074529940136,0.7303215167467316,0.7690859371382897,-102.49632575675233,0.00015763833371313187,0.7085771560668945,2.1573330033968574,2.1577615558284604,101.13374784182196,101.13509519185105,101.1309793352101,49.20995970000513,"{""DC-1"": -261.9491627310912, ""DC-2"": -292.15859728156744, ""DC-3"": -386.60246938700186, ""DC-4"": -271.1587746097702, ""DC-5"": -276.4716195834114}"
64,105,-1464.97166575131,3227,3114,113,0,3114,674,2227,213,113,1000,512,488,0,6155.852079818538,7780,211273,204550,200000,193458,6542,203552,1.5000384820266064,0.7247525907708164,0.7752858985914516,-102.12477602627713,-6.79513332585129e-05,0.7054464817047119,2.1580925265743676,2.157865685454371,100.76818937483054,100.77031715020422,100.76619063723057,50.74645030000829,"{""DC-1"": -297.28726096091975, ""DC-2"": -303.993141790997, ""DC-3"": -298.16309868453817, ""DC-4"": -269.3435849840138, ""DC-5"": -296.18457933082766}"
65,106,-1494.1619747616846,3375,3272,103,0,3272,710,2375,187,103,1000,486,514,0,6131.698939287877,8180,214648,207822,200000,193420,6580,206824,1.3996066841490402,0.6794882894181681,0.7201183933063358,-101.71043289109956,-4.236009700592689e-05,0.7026484608650208,2.157900159370637,2.157750806773496,100.35162419456725,100.35395184356018,100.34994677051647,53.0314750999969,"{""DC-1"": -347.87389857037505, ""DC-2"": -330.22414390101903, ""DC-3"": -315.98882041898855, ""DC-4"": -247.81880124299687, ""DC-5"": -252.25631062828617}"
66,107,-1470.0871032149842,3154,3049,105,0,3049,702,2154,193,105,1000,497,503,0,6143.058939287877,7620,217802,210871,200000,193405,6595,209872,1.4639513931288495,0.720632422005567,0.7433189746275974,-101.19284565242256,-0.00010155828314004686,0.6997113227844238,2.1583342463638524,2.158020368335754,99.84129690936231,99.84335022473273,99.8404175275267,49.56138650001958,"{""DC-1"": -295.4385958434953, ""DC-2"": -328.1418161216007, ""DC-3"": -312.2238836542051, ""DC-4"": -262.28523246363966, ""DC-5"": -271.99757513203156}"
67,108,-1497.5630284128097,3145,3039,106,0,3039,705,2145,189,106,1000,480,520,0,6261.082576878485,7600,220947,213910,200000,193401,6599,212912,1.482987519537932,0.722969993396025,0.7600175191344399,-100.73708279961033,2.6797820679157188e-05,0.7017488479614258,2.1578124298547445,2.1578565465462836,99.38903890910902,99.39134290795577,99.3888592027363,49.25036450001062,"{""DC-1"": -268.63074274712767, ""DC-2"": -359.01199005180575, ""DC-3"": -366.06163069532096, ""DC-4"": -234.9192392599742, ""DC-5"": -268.9394256585683}"
68,109,-1520.2796368001834,3373,3262,111,0,3262,722,2373,167,111,1000,482,518,0,6155.678939287876,8160,224320,217172,200000,193395,6605,216176,1.7605927142661577,0.8594638278634817,0.9011288831120028,-100.22304110527038,5.502522428786523e-05,0.7035887241363525,2.157610187840228,2.15773146731012,98.88438726780461,98.8870557009005,98.88021138883104,51.93594129997655,"{""DC-1"": -296.3653854908054, ""DC-2"": -351.98932736482357, ""DC-3"": -356.9311176657268, ""DC-4"": -239.14892119961112, ""DC-5"": -275.84488507918826}"
69,110,-1490.4166034238085,3146,3040,106,0,3040,700,2146,194,106,1000,479,521,0,6323.532576878486,7600,227466,220212,200000,193390,6610,219216,1.6559063438247694,0.8012486520037055,0.8546576924288743,-99.62353142688148,-0.00011456506197742113,0.6993681788444519,2.1581817169879614,2.157829719436796,98.28036733828093,98.28310156370465,98.27761719753867,49.06472289998783,"{""DC-1"": -301.58102511747114, ""DC-2"": -304.7883488470006, ""DC-3"": -356.9304486733276, ""DC-4"": -280.9091894833088, ""DC-5"": -246.20759130269113}"
70,111,-1426.7948762314938,3239,3145,94,0,3145,717,2239,189,94,1000,514,486,0,6108.632079818538,7860,230705,223357,200000,193416,6584,222360,1.5297993057405068,0.7517215704265745,0.7780777345138955,-99.21109110999653,4.9327378750437484e-05,0.7006384134292603,2.1579576272090883,2.15805043834463,97.87683992846928,97.87587104001422,97.87265218098959,49.954554399999324,"{""DC-1"": -307.6318442829917, ""DC-2"": -293.02817080826173, ""DC-3"": -330.33100231400334, ""DC-4"": -278.03666911614795, ""DC-5"": -217.76718971006864}"
71,112,-1535.1721454825758,3155,3049,106,0,3049,691,2155,203,106,1000,460,540,0,6278.472576878486,7620,233860,226406,200000,193415,6585,225408,1.5417810516016377,0.7515360944442392,0.7902449576834368,-98.71843147678325,5.895008721536764e-06,0.7012085318565369,2.157982354308051,2.157962581617,97.38850236627374,97.38555726279111,97.3837925618089,48.59560629999032,"{""DC-1"": -254.45912816127094, ""DC-2"": -393.1332033289143, ""DC-3"": -326.3583471998477, ""DC-4"": -270.26379150881456, ""DC-5"": -290.9576752837095}"
72,113,-1436.2452191844259,2975,2869,106,0,2869,704,1975,190,106,1000,495,505,0,6094.762079818538,7170,236835,229275,200000,193422,6578,228276,1.5613782828323013,0.7757741935125122,0.785604086701175,-98.25318689386216,-8.670135697179748e-05,0.6995894908905029,2.1581407120038274,2.157867238079321,96.92340052563442,96.92280476675207,96.92386060153424,45.64683130002231,"{""DC-1"": -266.3703708746575, ""DC-2"": -312.6295379624621, ""DC-3"": -294.4636789618412, ""DC-4"": -304.78991566541305, ""DC-5"": -257.99171572004667}"
73,114,-1550.5504646621146,3155,3038,117,0,3038,703,2155,180,117,1000,455,545,0,6239.222576878486,7600,239990,232313,200000,193408,6592,231316,1.699740145747599,0.8372957230967126,0.8624444254526966,-97.82392320231388,5.347454429475443e-05,0.7005950212478638,2.1575877231986897,2.1576918505994898,96.49480013495997,96.49393949307894,96.49294186441522,48.1429392999853,"{""DC-1"": -341.9813910948665, ""DC-2"": -327.822287717386, ""DC-3"": -288.9561433291906, ""DC-4"": -322.542228351876, ""DC-5"": -269.24841416878195}"
74,115,-1487.5082314826736,3109,3008,101,0,3008,711,2109,188,101,1000,481,519,0,6201.748939287876,7520,243099,235321,200000,193408,6592,234324,1.5482731971255643,0.7499608431804053,0.7983123542840018,-97.54333615810313,-9.131280992036448e-05,0.6986470222473145,2.1580264609544835,2.1577361009222398,96.21473451269433,96.21749860479477,96.2152960868592,47.573518799996236,"{""DC-1"": -266.5653108164583, ""DC-2"": -314.2293094518197, ""DC-3"": -350.4530029779646, ""DC-4"": -307.1527761331743, ""DC-5"": -249.1078321032382}"
75,116,-1478.671808606584,3239,3126,113,0,3126,674,2239,213,113,1000,506,494,0,6338.262576878486,7810,246338,238447,200000,193398,6602,237448,1.5474743454961557,0.7510419337510604,0.7964324114493615,-97.29005822683571,0.00010899436707735401,0.7025611996650696,2.1575113748618797,2.1577777413491557,95.95977301310639,95.95994075526043,95.95710685915587,49.49232819999452,"{""DC-1"": -332.6485527404355, ""DC-2"": -286.9536022765725, ""DC-3"": -344.3120392794202, ""DC-4"": -261.8831299889492, ""DC-5"": -252.87448432119194}"
76,117,-1538.5450648381925,3309,3220,89,0,3220,731,2309,180,89,1000,450,550,0,6189.215351571025,8050,249647,241667,200000,193430,6570,240668,1.6364742906863645,0.793247044663992,0.8432272463925877,-97.02513717082716,2.9161142164361173e-05,0.7039171457290649,2.1576651114410494,2.157702426288439,95.70044596891225,95.7015577792529,95.69954486065029,50.914718999993056,"{""DC-1"": -330.86522123443905, ""DC-2"": -389.60781032817636, ""DC-3"": -357.4264020308429, ""DC-4"": -246.33990690269403, ""DC-5"": -214.3057243420185}"
77,118,-1442.5765888527117,3016,2920,96,0,2920,727,2016,177,96,1000,483,517,0,6217.262576878485,7300,252663,244587,200000,193440,6560,243588,1.5451627941735804,0.754404045831259,0.7907587526350806,-96.79136854720443,-6.495419431203492e-05,0.7030014991760254,2.1578845761246876,2.1576667574660418,95.46203170985392,95.4634338650638,95.46492952320673,46.19807650000439,"{""DC-1"": -252.43367612479304, ""DC-2"": -362.8693932407556, ""DC-3"": -348.12892992663245, ""DC-4"": -238.49227644909075, ""DC-5"": -240.6523131114249}"
78,119,-1496.510137352883,3323,3227,96,0,3227,724,2323,180,96,1000,481,519,0,6320.562576878485,8070,255986,247814,200000,193460,6540,246816,1.579179960998904,0.7757080228133716,0.8034719389702899,-96.73223363127111,-2.8593933150343032e-06,0.7046465873718262,2.157915338087259,2.157859886830033,95.40713497289495,95.40732582026106,95.40618325839698,53.009461200010264,"{""DC-1"": -290.0920348666129, ""DC-2"": -312.3240366235761, ""DC-3"": -328.9086480135485, ""DC-4"": -298.8151222607577, ""DC-5"": -266.37029558836633}"
79,120,-1438.2679126046762,3177,3085,92,0,3085,700,2177,208,92,1000,504,496,0,6541.562576878485,7710,259163,250899,200000,193484,6516,249900,1.6014351860365206,0.7837493484991997,0.8176858354847873,-96.64216788622191,4.674772166190415e-05,0.7060734629631042,2.157765482464653,2.1578583631688675,95.31043338305601,95.31017124458046,95.30884135403367,49.15676670000539,"{""DC-1"": -284.98034521204414, ""DC-2"": -316.91482959783053, ""DC-3"": -330.050393217468, ""DC-4"": -240.80277478179462, ""DC-5"": -265.51956979552693}"
80,121,-1499.6867722374773,3157,3049,108,0,3049,699,2157,193,108,1000,479,521,0,5983.715420917913,7630,262320,253948,200000,193483,6517,252952,1.4975528758287742,0.7371190554485565,0.7604338252645958,-96.4846658719164,-0.00020764829538430564,0.6985276937484741,2.1583853187286057,2.1577593499679866,95.16426493993437,95.16604787844037,95.16469067814778,48.191422200005036,"{""DC-1"": -299.0917030731725, ""DC-2"": -293.0524436937907, ""DC-3"": -353.91625563478493, ""DC-4"": -241.17385026068047, ""DC-5"": -312.45251957503126}"
81,122,-1492.2262517472561,3499,3389,110,0,3389,692,2499,198,110,1000,513,487,0,6261.132576878485,8470,265819,257337,200000,193482,6518,256340,1.4572792306735918,0.7189311242406174,0.7383481079336462,-96.27794643253475,0.00023515998164767458,0.7091779708862305,2.1569675496787077,2.157606451936427,94.9533965208736,94.95217778049366,94.95260717759025,53.48794389999239,"{""DC-1"": -295.54690023265687, ""DC-2"": -341.3771394336471, ""DC-3"": -387.7940453115026, ""DC-4"": -222.22362668809873, ""DC-5"": -245.2845400813245}"
82,123,-1501.2359013965643,3278,3174,104,0,3174,720,2278,176,104,1000,483,517,0,6255.252576878485,7930,269097,260511,200000,193469,6531,259512,1.4593193349854794,0.7191437818307294,0.7401755567419274,-96.05511905242035,-5.653848996225035e-05,0.7059105038642883,2.157981451222154,2.1577808131185487,94.72712100246665,94.73125715412077,94.72801746498291,49.98657949999324,"{""DC-1"": -260.2233684641025, ""DC-2"": -304.02544501610294, ""DC-3"": -376.0768946724533, ""DC-4"": -270.3955095780512, ""DC-5"": -290.51468366583237}"
83,124,-1487.949787782417,3054,2947,107,0,2947,715,2054,178,107,1000,476,524,0,6203.652576878485,7370,272151,263458,200000,193468,6532,262460,1.4603315207172118,0.7235198726041022,0.7368116491361745,-95.94003741239757,0.0001033144834676626,0.7088622450828552,2.157663699697445,2.15792536906989,94.6155650103917,94.61750114886053,94.61659384200821,46.187636799993925,"{""DC-1"": -305.89413423058056, ""DC-2"": -346.3413287240235, ""DC-3"": -347.2218444988734, ""DC-4"": -243.76738775942437, ""DC-5"": -244.72509256950315}"
84,125,-1495.367181618812,3290,3182,108,0,3182,700,2290,192,108,1000,485,515,0,6163.562079818538,7960,275441,266640,200000,193468,6532,265644,1.6164522283453138,0.7899432594508832,0.826508967200266,-95.89827849613363,-9.851981124497866e-06,0.7083262801170349,2.157664479292817,2.157607058514303,94.56748522466151,94.56910527387456,94.56915434545009,50.28055830000085,"{""DC-1"": -351.5510735478568, ""DC-2"": -310.6090683860967, ""DC-3"": -288.01952350865076, ""DC-4"": -269.5848978824475, ""DC-5"": -275.6026182937363}"
85,126,-1486.593204056462,2921,2814,107,0,2814,708,1921,185,107,1000,483,517,0,5953.555420917914,7030,278362,269454,200000,193451,6549,268456,1.6650982007999,0.810306695514858,0.8547915020801264,-95.79004300091718,0.00027311552945801995,0.7130262851715088,2.1568106819182677,2.1575625711280964,94.46943264197489,94.46958938642044,94.46677779717263,44.4748795000196,"{""DC-1"": -316.59619188026437, ""DC-2"": -325.3597352111891, ""DC-3"": -339.5730244572508, ""DC-4"": -240.52023151257427, ""DC-5"": -264.5440209951695}"
86,127,-1484.1891080843693,3253,3161,92,0,3161,718,2253,190,92,1000,474,526,0,6365.312576878485,7900,281615,272615,200000,193467,6533,271616,1.4136968477164642,0.6945877208456963,0.7191091301056403,-95.85412505524069,4.1342259191648584e-05,0.7138896584510803,2.1576913524881194,2.157774065053916,94.52526523445226,94.52493561080739,94.5231394494938,49.84009640000295,"{""DC-1"": -313.1852971768732, ""DC-2"": -285.12629803410766, ""DC-3"": -356.9528736874828, ""DC-4"": -276.5272900997248, ""DC-5"": -252.39734908617027}"
87,128,-1471.598958723778,2965,2867,98,0,2867,690,1965,212,98,1000,479,521,0,6291.732576878485,7170,284580,275482,200000,193469,6531,274484,1.4706186842053837,0.7203437416270022,0.7502749460657105,-95.95127173813484,-5.8338575471371845e-05,0.7130531072616577,2.157716008243534,2.1575015951233762,94.62499286327069,94.62527189374468,94.62533202337588,44.03232339999522,"{""DC-1"": -293.31959583720607, ""DC-2"": -306.7511691643385, ""DC-3"": -298.490904722298, ""DC-4"": -290.5857354998243, ""DC-5"": -282.4515535000989}"
88,129,-1486.0762604079716,3044,2936,108,0,2936,714,2044,178,108,1000,472,528,0,6372.302576878485,7340,287624,278418,200000,193462,6538,277420,1.6817469912751168,0.827967251735747,0.8537797396165149,-95.99510084978566,-0.0001545642733533311,0.7083529233932495,2.1581649105295497,2.15767188403522,94.66452850632837,94.66324661525134,94.66131522467091,45.46391289998428,"{""DC-1"": -260.4600225025944, ""DC-2"": -322.64738162976965, ""DC-3"": -333.86936742005634, ""DC-4"": -280.4342500786607, ""DC-5"": -288.66523877687763}"
89,130,-1478.381344859004,3195,3094,101,0,3094,709,2195,190,101,1000,493,507,0,6165.582079818538,7740,290819,281512,200000,193464,6536,280516,1.6126774086316118,0.7874877444706684,0.8251896629673104,-96.00580903775317,3.515870372183592e-05,0.7107692956924438,2.1575154070398295,2.1575888920508,94.6740657461398,94.67308788841702,94.67312888704838,50.87975500000175,"{""DC-1"": -304.44902079373685, ""DC-2"": -295.0494728854601, ""DC-3"": -360.5401038811446, ""DC-4"": -248.37919682835457, ""DC-5"": -269.96355047028874}"
90,131,-1441.0848473289593,3083,2986,97,0,2986,698,2083,205,97,1000,502,498,0,5986.315351571024,7460,293902,284498,200000,193469,6531,283500,1.6880428310333884,0.8257818827859997,0.8622609453071058,-96.08786919110582,5.022589869930811e-05,0.7131397724151611,2.157492302474004,2.1575872622610097,94.74769546774692,94.74691859697847,94.74701286704547,55.126368600002024,"{""DC-1"": -293.1897831792153, ""DC-2"": -303.6549920217605, ""DC-3"": -287.05161921624403, ""DC-4"": -302.11725767851345, ""DC-5"": -255.07119523321654}"
91,132,-1536.9603351217677,3298,3197,101,0,3197,701,2298,198,101,1000,460,540,0,6200.172576878485,7990,297200,287695,200000,193482,6518,286696,1.522978789867537,0.7528835224474923,0.7700952663066539,-96.1510243106694,2.4983574879893073e-05,0.71342933177948,2.157610938546058,2.1576653564975916,94.82311073942984,94.82286371414891,94.82528047812298,46.888904899999034,"{""DC-1"": -328.71086402112365, ""DC-2"": -341.79288630375873, ""DC-3"": -359.92173917625627, ""DC-4"": -263.8938689012197, ""DC-5"": -242.64097671938416}"
