job_id,cpu_request,gpu_request,duration,arrive_time
354904__sample_000000,28.0,0.2,333.0,0.11827989145443428
297678__sample_000001,8.0,0.2,1312.0,0.2735701564293349
256887__sample_000002,8.0,1.0,1069.0,0.3632314752869954
180192__sample_000003,4.0,0.5,198.0,0.7074258035212302
62536__sample_000004,2.0,1.0,718.0,0.8820765074451292
381157__sample_000005,46.0,0.2,622.0,0.9481371401943955
131728__sample_000006,8.0,1.0,33.0,1.5227221025820414
346481__sample_000007,13.0,1.0,2830.0,1.6438050381717193
183130__sample_000008,4.0,0.5,1584.0,1.8398756337161601
175049__sample_000009,4.0,0.5,705.0,2.4322495358935665
360916__sample_000010,13.0,1.0,320.0,2.6769493618578992
381244__sample_000011,112.0,0.8,489.0,2.708028015822344
442562__sample_000012,56.0,0.4,12.0,3.4106821868053965
646__sample_000013,4.0,0.1,1119.0,3.657701419039103
299839__sample_000014,8.0,1.0,2009.0,3.7596579979269302
200534__sample_000015,8.0,1.0,121.0,3.7971522030810365
135820__sample_000016,8.0,1.0,4465.0,4.192152552001104
456512__sample_000017,96.0,0.8,380.0,4.4340964288918165
384061__sample_000018,184.0,0.8,1236.0,4.624699893404074
458516__sample_000019,84.0,0.8,267.0,5.185525726038185
76829__sample_000020,2.0,1.0,4236.0,5.574023229462203
145186__sample_000021,8.0,1.0,20.0,5.615146059493789
312823__sample_000022,12.0,1.0,1506.0,5.708536697342739
52135__sample_000023,2.0,1.0,164.0,5.779954101979948
110934__sample_000024,8.0,1.0,24.0,6.120546117447051
102913__sample_000025,4.0,1.0,978.0,6.129073002411511
50947__sample_000026,2.0,0.2,607.0,6.340001391508046
237832__sample_000027,20.0,1.0,389.0,6.699354820472991
318429__sample_000028,4.0,0.8,103.0,7.222771656569476
235224__sample_000029,8.0,1.0,78.0,7.327440304955749
261946__sample_000030,8.0,1.0,2410.0,7.757892295841
106699__sample_000031,4.0,1.0,1439.0,7.787203267115694
82883__sample_000032,2.0,1.0,1344.0,8.255639256418617
93820__sample_000033,2.0,1.0,109.0,8.289734164050634
78395__sample_000034,2.0,1.0,566.0,8.416312821853099
58028__sample_000035,2.0,1.0,1811.0,8.815314162684722
46037__sample_000036,2.0,0.2,691.0,8.855919610164825
197620__sample_000037,8.0,1.0,40.0,8.921017865776014
264025__sample_000038,8.0,0.2,626.0,9.24127864018724
302195__sample_000039,8.0,1.0,1852.0,9.559552683185164
305341__sample_000040,8.0,1.0,1854.0,9.815763735369512
407691__sample_000041,112.0,0.8,298.0,10.111764162641416
319289__sample_000042,4.0,0.8,689.0,10.307381437940325
402328__sample_000043,13.0,1.0,3578.0,10.379902362755178
216095__sample_000044,8.0,1.0,9.0,10.485948161203494
396201__sample_000045,112.0,0.8,1296.0,10.536048479832626
389923__sample_000046,112.0,0.8,354.0,11.133767514663539
466441__sample_000047,8.0,1.0,40.0,11.352669778322689
199170__sample_000048,8.0,1.0,737.0,11.480731193192444
310968__sample_000049,4.0,1.0,912.0,11.635708069772734
165642__sample_000050,4.0,0.3,980.0,12.371414004022038
316484__sample_000051,4.0,1.0,4571.0,12.413031391554163
143690__sample_000052,8.0,1.0,19.0,12.633642543831302
116236__sample_000053,8.0,1.0,3965.0,12.809891154029597
99931__sample_000054,4.0,1.0,1784.0,13.046227233530365
88871__sample_000055,2.0,1.0,53.0,13.050796278631989
371922__sample_000056,28.0,0.2,259.0,13.564969659267163
46373__sample_000057,2.0,0.2,160.0,14.237466793439976
46843__sample_000058,2.0,0.2,603.0,14.445645659425825
81019__sample_000059,2.0,1.0,529.0,14.743863344557315
90170__sample_000060,2.0,1.0,156.0,15.383230684018722
321112__sample_000061,20.0,1.0,1844.0,15.690330047366851
404345__sample_000062,14.0,1.0,290.0,15.73170767464788
171513__sample_000063,4.0,0.5,389.0,15.946383212111021
389288__sample_000064,112.0,0.8,995.0,16.179688426369523
162788__sample_000065,16.0,1.0,128.0,16.317657052350228
37723__sample_000066,4.0,1.0,61.0,16.651029628321076
315134__sample_000067,4.0,1.0,1778.0,17.331948849761694
135316__sample_000068,8.0,1.0,14.0,17.981417903025225
166945__sample_000069,4.0,0.3,1247.0,18.13125897710113
113683__sample_000070,8.0,1.0,349.0,18.161303653239077
176848__sample_000071,4.0,0.5,109.0,19.208597150519253
182280__sample_000072,4.0,0.5,204.0,19.665026678223864
440005__sample_000073,14.0,1.0,155.0,19.69831316815313
130397__sample_000074,8.0,1.0,12.0,20.332390153393952
107352__sample_000075,8.0,1.0,1129.0,20.842246136200668
1226__sample_000076,4.0,0.1,790.0,21.02513398269283
160523__sample_000077,8.0,1.0,36.0,21.248812429400097
60615__sample_000078,2.0,1.0,187.0,21.37610364025235
87714__sample_000079,2.0,1.0,30.0,21.390183177563173
244403__sample_000080,8.0,1.0,1802.0,21.49224939913836
280917__sample_000081,8.0,1.0,1370.0,21.898201376904904
304882__sample_000082,8.0,1.0,1991.0,21.89936207292149
231815__sample_000083,4.0,1.0,2719.0,22.000790547069034
159102__sample_000084,8.0,1.0,71.0,22.127735070782702
250777__sample_000085,20.0,1.0,1932.0,22.32045582681367
282849__sample_000086,8.0,1.0,1232.0,22.95143719585193
134432__sample_000087,8.0,1.0,4109.0,23.057731473574627
53725__sample_000088,2.0,1.0,101.0,23.164258095064252
466270__sample_000089,8.0,1.0,929.0,23.498635332980644
317142__sample_000090,4.0,0.8,151.0,23.649104776353727
100664__sample_000091,4.0,1.0,1857.0,23.712700394779407
155628__sample_000092,8.0,1.0,30.0,23.863270982423447
156968__sample_000093,8.0,1.0,94.0,23.901225962906295
70159__sample_000094,2.0,1.0,1276.0,23.94973958870832
348609__sample_000095,104.0,0.8,2697.0,24.122211599409024
384472__sample_000096,112.0,0.8,432.0,24.257930653473025
128369__sample_000097,8.0,1.0,406.0,24.873753837286227
99133__sample_000098,4.0,1.0,1649.0,24.986262483046158
165423__sample_000099,4.0,0.3,103.0,25.203488078992475
253351__sample_000100,4.0,1.0,1745.0,25.453585772121937
123360__sample_000101,8.0,1.0,3139.0,25.456881008328352
106930__sample_000102,4.0,1.0,912.0,25.72919805758735
291157__sample_000103,8.0,1.0,1087.0,25.778212717637164
343526__sample_000104,112.0,0.8,1643.0,26.58971228570527
257908__sample_000105,8.0,1.0,958.0,26.629949011782816
77413__sample_000106,2.0,1.0,112.0,26.763824290416967
352363__sample_000107,184.0,0.8,31.0,26.78612764982959
181061__sample_000108,4.0,0.5,152.0,28.228148053617282
285081__sample_000109,8.0,1.0,997.0,28.40253477003184
118366__sample_000110,8.0,1.0,416.0,28.628739601054075
276751__sample_000111,8.0,1.0,760.0,28.64609761376114
308539__sample_000112,8.0,0.2,1964.0,28.99263167756514
28772__sample_000113,80.0,0.8,3590.0,29.051532387127704
354425__sample_000114,112.0,0.8,278.0,29.62236110133061
156617__sample_000115,8.0,1.0,2910.0,29.67975830837082
444600__sample_000116,10.0,1.0,1017.0,29.732650915823022
314678__sample_000117,4.0,1.0,1694.0,29.74195950128744
15393__sample_000118,48.0,1.0,2884.0,29.901655949611307
402335__sample_000119,184.0,0.8,421.0,30.109666975530352
413523__sample_000120,48.0,1.0,500.0,30.126658710575143
33595__sample_000121,8.0,1.0,1347.0,30.500159358974734
412564__sample_000122,48.0,1.0,2161.0,30.65111802154814
382753__sample_000123,56.0,0.4,3623.0,30.836907435196288
81664__sample_000124,2.0,1.0,31.0,30.98220280314318
148534__sample_000125,8.0,1.0,30.0,31.110227353461912
165347__sample_000126,4.0,0.3,2826.0,31.315268217746382
96901__sample_000127,2.0,1.0,605.0,31.35744396943662
95399__sample_000128,2.0,1.0,132.0,31.407645240988778
261708__sample_000129,8.0,1.0,1116.0,31.902382573062813
169385__sample_000130,4.0,0.5,184.0,32.63261050037898
63214__sample_000131,2.0,1.0,103.0,32.74943604724776
63264__sample_000132,2.0,1.0,208.0,32.82836888867093
59664__sample_000133,2.0,1.0,203.0,33.086574704944546
105800__sample_000134,4.0,1.0,955.0,33.21794709684636
145592__sample_000135,8.0,1.0,16.0,33.22437563402952
388139__sample_000136,184.0,0.8,995.0,33.2668215348544
217744__sample_000137,8.0,1.0,56.0,33.581492349817665
121550__sample_000138,8.0,1.0,3669.0,33.85040479539705
191074__sample_000139,12.0,1.0,3180.0,33.857272259868154
288741__sample_000140,8.0,0.2,3795.0,33.92002050333483
46942__sample_000141,2.0,0.2,27.0,33.98571089807257
352397__sample_000142,184.0,0.8,40.0,34.26431457877953
192006__sample_000143,120.0,0.8,3061.0,34.26929142410257
179269__sample_000144,4.0,0.5,87.0,34.29677543875291
1062__sample_000145,4.0,0.1,277.0,34.69903004557697
346034__sample_000146,184.0,0.8,2101.0,34.748199472939916
137822__sample_000147,8.0,1.0,13.0,35.01262424517006
190700__sample_000148,15.0,1.0,953.0,35.080636400722305
139693__sample_000149,8.0,1.0,29.0,35.10682140909352
137694__sample_000150,8.0,1.0,84.0,35.17647628819638
47805__sample_000151,2.0,0.2,221.0,35.496749991470644
46967__sample_000152,2.0,0.2,505.0,35.98070907583413
90337__sample_000153,2.0,1.0,29.0,36.42402182582802
457567__sample_000154,8.0,0.4,1713.0,36.55055744819679
463369__sample_000155,16.0,1.0,12.0,36.82627664279794
62__sample_000156,4.0,0.1,867.0,36.88362499538019
282228__sample_000157,8.0,0.2,587.0,36.97035839253332
186186__sample_000158,4.0,0.5,1899.0,37.537008049691046
218342__sample_000159,8.0,1.0,7.0,37.54027984679012
292101__sample_000160,8.0,1.0,1782.0,37.56262663169773
146808__sample_000161,8.0,1.0,31.0,37.620889201757684
322878__sample_000162,4.0,1.0,4473.0,37.62761183556376
61486__sample_000163,2.0,1.0,186.0,37.67766258638633
220075__sample_000164,8.0,1.0,8.0,37.89635476857242
446281__sample_000165,8.0,1.0,1688.0,38.033151348164374
386423__sample_000166,14.0,1.0,490.0,38.59111710336983
490__sample_000167,4.0,0.1,838.0,39.0162910791247
445172__sample_000168,56.0,0.4,152.0,39.12085928041696
60086__sample_000169,2.0,1.0,95.0,39.195940843453776
404896__sample_000170,14.0,1.0,2320.0,39.31532579548091
275017__sample_000171,8.0,1.0,1445.0,39.53840523301673
65700__sample_000172,2.0,1.0,107.0,39.61642066047055
276359__sample_000173,8.0,1.0,1098.0,39.86106122185733
77426__sample_000174,2.0,1.0,187.0,39.99272023167728
226472__sample_000175,8.0,1.0,22.0,40.193487073305995
48974__sample_000176,2.0,0.2,167.0,40.336718422078775
111741__sample_000177,8.0,1.0,30.0,40.423918415894356
99365__sample_000178,4.0,1.0,1700.0,41.16523522118241
112071__sample_000179,8.0,1.0,21.0,41.52579884711557
224118__sample_000180,8.0,1.0,10.0,41.56353747164632
286919__sample_000181,8.0,0.2,1707.0,42.07066370357615
462659__sample_000182,8.0,1.0,1075.0,42.23774378599163
404153__sample_000183,28.0,0.2,4332.0,42.80012865856407
256661__sample_000184,8.0,0.2,624.0,43.202307272046546
51017__sample_000185,2.0,0.2,170.0,43.3407464268612
301186__sample_000186,8.0,1.0,2168.0,43.34642782423059
219306__sample_000187,8.0,1.0,113.0,43.42465296117471
171275__sample_000188,4.0,0.5,216.0,43.61967490009466
151354__sample_000189,8.0,1.0,14.0,43.870599233078295
387148__sample_000190,13.0,1.0,1709.0,43.94516290306053
399179__sample_000191,104.0,0.8,1521.0,43.982681507768206
261184__sample_000192,8.0,1.0,741.0,44.433028279558805
106626__sample_000193,4.0,1.0,1722.0,45.473184320355614
99716__sample_000194,4.0,1.0,1683.0,45.65965795709864
210270__sample_000195,8.0,1.0,2919.0,45.706746673013654
200911__sample_000196,8.0,1.0,399.0,45.78621579094589
407925__sample_000197,14.0,1.0,739.0,45.79085626279858
446558__sample_000198,8.0,1.0,1730.0,46.40507839472197
109952__sample_000199,8.0,1.0,29.0,46.43639865568352
128041__sample_000200,8.0,1.0,3652.0,46.65120882290056
318851__sample_000201,4.0,0.8,691.0,46.731279155051254
455151__sample_000202,8.0,1.0,4447.0,46.933238033903
264360__sample_000203,8.0,1.0,1386.0,47.19671019239951
39254__sample_000204,4.0,1.0,62.0,47.6393199905051
141111__sample_000205,8.0,1.0,15.0,47.697120622381235
242364__sample_000206,4.0,1.0,2167.0,47.69988480478916
253088__sample_000207,4.0,1.0,1787.0,47.736686822461
120120__sample_000208,8.0,1.0,77.0,48.3123797046743
183127__sample_000209,4.0,0.5,314.0,48.83003004268758
179288__sample_000210,4.0,0.5,142.0,49.057491120236705
195390__sample_000211,4.0,1.0,2900.0,49.28688704986304
38199__sample_000212,4.0,1.0,134.0,49.56032060721492
422125__sample_000213,184.0,0.8,378.0,49.608526114374556
167809__sample_000214,4.0,0.3,1582.0,50.22307850456738
258530__sample_000215,8.0,1.0,1516.0,50.35873091315396
94552__sample_000216,2.0,1.0,33.0,50.47950861298593
730__sample_000217,4.0,0.1,306.0,50.6624378461416
252621__sample_000218,4.0,1.0,1982.0,50.67446401221459
34802__sample_000219,8.0,1.0,1450.0,50.71992943847691
259856__sample_000220,16.0,0.2,1852.0,51.0548142110829
464709__sample_000221,60.0,0.8,1583.0,51.07642128000086
312105__sample_000222,4.0,1.0,79.0,51.30747183474713
401239__sample_000223,184.0,0.8,1262.0,51.377846843147246
247448__sample_000224,8.0,1.0,2021.0,51.50113240737854
221373__sample_000225,8.0,1.0,8.0,51.58629545536708
309435__sample_000226,8.0,1.0,2585.0,51.696182574797795
262310__sample_000227,8.0,0.2,1037.0,52.013573571457464
455420__sample_000228,56.0,0.4,285.0,52.10171645635885
61028__sample_000229,2.0,1.0,162.0,52.31062733903528
372153__sample_000230,112.0,0.8,3404.0,52.47221728570784
159651__sample_000231,8.0,1.0,50.0,52.74463376648101
316006__sample_000232,4.0,1.0,3852.0,53.43511417835925
199890__sample_000233,8.0,1.0,152.0,53.76484049617301
45163__sample_000234,2.0,0.2,397.0,53.82533939948402
313226__sample_000235,4.0,1.0,2361.0,53.833259319190084
244300__sample_000236,8.0,1.0,1804.0,53.90930164469148
279937__sample_000237,8.0,1.0,1025.0,54.135316807659756
137081__sample_000238,8.0,1.0,39.0,54.1485156271847
341655__sample_000239,184.0,0.8,625.0,54.319992116191244
125925__sample_000240,8.0,1.0,21.0,54.54709932618813
75702__sample_000241,2.0,1.0,3953.0,54.648807295672654
215206__sample_000242,8.0,1.0,10.0,55.01721978545934
309261__sample_000243,8.0,1.0,1911.0,55.04539951415051
54658__sample_000244,2.0,1.0,418.0,55.06492714059857
396487__sample_000245,112.0,0.8,1266.0,55.39058899315267
66213__sample_000246,2.0,1.0,499.0,55.561631549818436
15137__sample_000247,48.0,1.0,4269.0,55.853142213751724
196499__sample_000248,8.0,1.0,109.0,55.99579821353394
256754__sample_000249,8.0,1.0,1362.0,56.06652227697357
175893__sample_000250,4.0,0.5,28.0,56.49397820161637
259229__sample_000251,16.0,0.2,2450.0,56.89560859260642
293359__sample_000252,8.0,1.0,1307.0,57.1922207975337
45849__sample_000253,2.0,0.2,181.0,57.27163420128071
11723__sample_000254,4.0,1.0,2017.0,57.49467442121158
384619__sample_000255,184.0,0.8,2303.0,57.60662691510653
52300__sample_000256,2.0,1.0,408.0,57.630639598758194
356039__sample_000257,112.0,0.8,1370.0,58.253814559642606
110049__sample_000258,8.0,1.0,3097.0,58.29059717184749
289036__sample_000259,8.0,1.0,1006.0,59.04071983512818
43815__sample_000260,4.0,0.3,157.0,59.1883700883259
269921__sample_000261,8.0,1.0,466.0,59.239552658804264
67521__sample_000262,2.0,1.0,105.0,59.4347201203422
383495__sample_000263,184.0,0.8,284.0,59.95050556891271
228339__sample_000264,8.0,1.0,8.0,60.27990751369533
221013__sample_000265,8.0,1.0,16.0,60.69060597021377
41509__sample_000266,4.0,0.3,220.0,60.95941539900637
440822__sample_000267,8.0,1.0,1734.0,61.25405385804175
204427__sample_000268,8.0,1.0,1121.0,61.72699685505432
356563__sample_000269,112.0,0.8,821.0,61.798806733939344
180303__sample_000270,4.0,0.5,775.0,61.96686115048215
152866__sample_000271,8.0,1.0,2891.0,62.02936443275868
35387__sample_000272,4.0,1.0,1047.0,63.12825403711002
180979__sample_000273,4.0,0.5,77.0,63.84911998394012
138690__sample_000274,8.0,1.0,997.0,63.859176259241465
120782__sample_000275,8.0,1.0,15.0,64.1648591500404
45302__sample_000276,2.0,0.2,200.0,64.81325503940921
434680__sample_000277,12.0,1.0,281.0,64.86304324575617
410870__sample_000278,16.0,1.0,2720.0,65.07284397516764
444067__sample_000279,15.0,1.0,3284.0,65.69056029119902
423420__sample_000280,12.0,1.0,645.0,65.69919417208507
259844__sample_000281,8.0,1.0,2458.0,65.9980467863083
21668__sample_000282,4.0,1.0,2286.0,66.08627052749459
319941__sample_000283,4.0,0.8,118.0,66.73183269533351
334674__sample_000284,12.0,1.0,4511.0,67.61745017598908
63850__sample_000285,2.0,1.0,646.0,68.33924359629933
356616__sample_000286,56.0,0.4,142.0,68.49995894759894
64188__sample_000287,2.0,1.0,108.0,68.99516162428279
295829__sample_000288,8.0,0.2,1864.0,69.46051844260755
358211__sample_000289,14.0,1.0,377.0,69.55660357298744
297587__sample_000290,8.0,1.0,1088.0,69.9980029583361
389959__sample_000291,28.0,0.2,4316.0,70.00743040715332
164728__sample_000292,4.0,0.3,1016.0,70.23418256722528
289001__sample_000293,8.0,0.2,625.0,70.2995266275246
460546__sample_000294,8.0,1.0,1383.0,70.3316460693925
393070__sample_000295,112.0,0.8,2337.0,70.3516649052186
162132__sample_000296,8.0,1.0,1374.0,70.64958439264066
108756__sample_000297,8.0,1.0,52.0,70.7534158959078
186907__sample_000298,4.0,0.5,455.0,71.0759500052129
285648__sample_000299,8.0,1.0,730.0,71.09284748908527
41379__sample_000300,4.0,0.3,13.0,71.1875375844397
6226__sample_000301,4.0,0.5,492.0,71.38139346303971
21635__sample_000302,4.0,1.0,2003.0,71.77241779637421
50715__sample_000303,2.0,0.2,37.0,71.86837519813426
140397__sample_000304,8.0,1.0,13.0,72.1141774697348
152360__sample_000305,8.0,1.0,473.0,72.65701788441586
282887__sample_000306,16.0,0.2,2242.0,72.89620701168388
404160__sample_000307,184.0,0.8,1139.0,72.96251092242535
382207__sample_000308,28.0,0.2,303.0,72.96868677586139
176864__sample_000309,4.0,0.5,50.0,73.47893219745494
273238__sample_000310,8.0,0.2,1021.0,73.484306913495
151915__sample_000311,8.0,1.0,41.0,74.00357135514605
182630__sample_000312,4.0,0.5,308.0,74.19176228526344
247055__sample_000313,8.0,1.0,1812.0,74.8912602459616
325572__sample_000314,12.0,1.0,901.0,75.29210337671738
284531__sample_000315,8.0,1.0,2330.0,76.83765197942921
1567__sample_000316,4.0,0.1,512.0,76.94562163364128
86569__sample_000317,2.0,1.0,34.0,77.31000294841914
383080__sample_000318,104.0,0.8,612.0,77.43851519907487
309561__sample_000319,8.0,0.4,2192.0,77.60193702514617
66323__sample_000320,2.0,1.0,104.0,77.8488202520532
301590__sample_000321,8.0,1.0,2250.0,78.3660487680613
243160__sample_000322,8.0,1.0,1997.0,79.40114802727163
12206__sample_000323,4.0,1.0,1650.0,79.76669730485644
429351__sample_000324,12.0,1.0,717.0,79.90191835325422
364305__sample_000325,112.0,0.8,1805.0,80.03868574720897
333450__sample_000326,12.0,1.0,4175.0,80.3731401912024
232683__sample_000327,4.0,1.0,48.0,80.4413474712173
425153__sample_000328,12.0,1.0,25.0,80.47061413861246
423211__sample_000329,28.0,0.2,300.0,80.58009397151099
94194__sample_000330,2.0,1.0,1704.0,80.66474624811545
415877__sample_000331,92.0,0.4,3090.0,80.75259992054852
373876__sample_000332,46.0,0.2,796.0,80.8191152120384
100734__sample_000333,4.0,1.0,2149.0,80.82986640727273
276117__sample_000334,8.0,1.0,1347.0,80.83437530798072
423336__sample_000335,12.0,1.0,2075.0,81.9343698027588
152971__sample_000336,8.0,1.0,28.0,82.07392473948182
101160__sample_000337,4.0,1.0,938.0,82.19518442134566
347893__sample_000338,26.0,0.2,1037.0,82.47976758350227
243035__sample_000339,8.0,1.0,1786.0,82.5413238974875
205125__sample_000340,64.0,1.0,997.0,83.29006296092244
250396__sample_000341,20.0,1.0,1712.0,83.67591115639134
76215__sample_000342,2.0,1.0,3142.0,83.6993270660516
418171__sample_000343,12.0,1.0,1856.0,83.83446825955994
227055__sample_000344,8.0,1.0,9.0,84.36270399959515
406831__sample_000345,52.0,0.4,1565.0,85.08659440037536
67487__sample_000346,2.0,1.0,136.0,85.24409126115071
387212__sample_000347,184.0,0.8,702.0,85.48168980429482
104948__sample_000348,4.0,1.0,1495.0,85.52738040160902
252789__sample_000349,4.0,1.0,2095.0,86.70974157313222
220568__sample_000350,8.0,1.0,9.0,86.77562611438664
180687__sample_000351,4.0,0.5,29.0,87.49062844726011
37748__sample_000352,4.0,1.0,107.0,87.75283171212725
98507__sample_000353,4.0,1.0,1771.0,87.9867872678453
263933__sample_000354,8.0,1.0,916.0,88.16650020599342
20611__sample_000355,12.0,1.0,554.0,88.23205896300641
139561__sample_000356,8.0,1.0,30.0,88.28061540551225
269685__sample_000357,8.0,0.2,3025.0,88.34288663016737
226001__sample_000358,8.0,1.0,9.0,88.394469996056
352337__sample_000359,104.0,0.8,553.0,88.7725301854492
316233__sample_000360,4.0,1.0,3818.0,88.88027409571747
53490__sample_000361,2.0,1.0,125.0,88.89516984780066
304462__sample_000362,8.0,0.2,1655.0,89.76444090193235
247473__sample_000363,8.0,1.0,2785.0,90.30252114443884
153992__sample_000364,8.0,1.0,30.0,90.95943478289053
165978__sample_000365,4.0,0.3,1995.0,92.27944722515295
124392__sample_000366,8.0,1.0,43.0,92.327205649297
460584__sample_000367,8.0,1.0,66.0,92.45335111302047
254407__sample_000368,8.0,1.0,2225.0,92.80830198189079
312686__sample_000369,12.0,1.0,1692.0,93.10600083249612
56124__sample_000370,2.0,1.0,2110.0,93.14777905369449
371186__sample_000371,13.0,1.0,2360.0,93.57075730444107
150704__sample_000372,8.0,1.0,44.0,93.63429997125122
80732__sample_000373,2.0,1.0,574.0,93.69764190974364
72716__sample_000374,2.0,1.0,177.0,93.89013515581635
167831__sample_000375,4.0,0.3,622.0,94.11483378686309
93997__sample_000376,2.0,1.0,100.0,94.33176024824546
88654__sample_000377,2.0,1.0,116.0,94.35574672398822
44315__sample_000378,2.0,0.2,185.0,94.88057792681107
85942__sample_000379,2.0,1.0,573.0,94.95775330122783
338456__sample_000380,8.0,0.3,977.0,94.99242946647017
54792__sample_000381,2.0,1.0,221.0,95.54141899109018
9320__sample_000382,4.0,1.0,2911.0,96.3203380792785
245742__sample_000383,8.0,1.0,1788.0,96.81569477539725
164803__sample_000384,4.0,0.3,382.0,97.23024164283065
431256__sample_000385,16.0,1.0,934.0,97.49646976813031
40377__sample_000386,4.0,0.3,34.0,97.69657346352278
27582__sample_000387,20.0,0.8,1215.0,97.71932468771087
117329__sample_000388,8.0,1.0,1046.0,97.85057831268843
93148__sample_000389,2.0,1.0,45.0,97.96715633234608
106399__sample_000390,4.0,1.0,950.0,98.04234943821515
178053__sample_000391,4.0,0.5,243.0,98.36366333321442
193640__sample_000392,4.0,1.0,1309.0,98.53489645419383
46813__sample_000393,2.0,0.2,1257.0,98.55602631600271
218449__sample_000394,8.0,1.0,9.0,98.61820038129783
182316__sample_000395,4.0,0.5,156.0,98.90561791319713
364085__sample_000396,56.0,0.4,823.0,98.92541412324586
140436__sample_000397,8.0,1.0,23.0,99.40171377900691
117513__sample_000398,8.0,1.0,3313.0,99.57258554008493
136117__sample_000399,8.0,1.0,25.0,99.73634932444382
151738__sample_000400,8.0,1.0,22.0,99.96072134359083
418481__sample_000401,12.0,1.0,2333.0,100.39600832182695
149219__sample_000402,8.0,1.0,14.0,100.50286285531325
194780__sample_000403,4.0,1.0,459.0,100.78617632979396
117526__sample_000404,8.0,1.0,30.0,100.9946996650527
44263__sample_000405,4.0,0.3,15.0,101.07236170145298
337028__sample_000406,12.0,1.0,4332.0,101.59958956031306
140614__sample_000407,8.0,1.0,20.0,101.99875209375125
421333__sample_000408,184.0,0.8,274.0,102.26731873609747
195357__sample_000409,4.0,1.0,1809.0,102.74257016573287
465271__sample_000410,14.0,1.0,3225.0,103.24747532528801
160144__sample_000411,8.0,1.0,13.0,103.55553665551534
224189__sample_000412,8.0,1.0,13.0,104.00905836817057
82704__sample_000413,2.0,1.0,33.0,104.30795328426356
82739__sample_000414,2.0,1.0,34.0,104.59292185719578
369444__sample_000415,14.0,1.0,278.0,104.83390596195132
223606__sample_000416,8.0,1.0,8.0,105.18321105985784
317792__sample_000417,4.0,0.8,575.0,105.22638460372316
143591__sample_000418,8.0,1.0,2975.0,105.7582711832362
432936__sample_000419,28.0,0.2,562.0,106.27189701377193
278692__sample_000420,8.0,1.0,2612.0,106.27931789165768
418968__sample_000421,12.0,1.0,1125.0,106.71622973572651
359237__sample_000422,160.0,0.8,622.0,106.75072071257745
113195__sample_000423,8.0,1.0,49.0,106.85275745820478
318973__sample_000424,4.0,0.8,120.0,107.19292215899496
381684__sample_000425,112.0,0.8,2710.0,107.23673676767736
197408__sample_000426,8.0,1.0,1872.0,107.662628623217
257525__sample_000427,8.0,1.0,1007.0,108.10877619747006
220872__sample_000428,8.0,1.0,827.0,108.28582502379746
343150__sample_000429,184.0,0.8,286.0,108.28742661095181
172358__sample_000430,4.0,0.5,143.0,108.37200844662978
385410__sample_000431,160.0,0.8,1023.0,108.61189082022071
50084__sample_000432,2.0,0.2,377.0,109.60518168721431
371679__sample_000433,112.0,0.8,507.0,109.85497312448658
113565__sample_000434,8.0,1.0,2389.0,109.93018304873911
226765__sample_000435,8.0,1.0,9.0,110.1814674307245
63590__sample_000436,2.0,1.0,115.0,110.37559168241891
101303__sample_000437,4.0,1.0,1830.0,110.75394798995129
38313__sample_000438,4.0,1.0,67.0,110.78223474427524
280215__sample_000439,8.0,1.0,3252.0,111.14008686445936
267281__sample_000440,8.0,0.2,1936.0,111.33490836922684
459722__sample_000441,8.0,1.0,228.0,112.15906368866875
377884__sample_000442,56.0,0.4,2648.0,112.26365271116603
175711__sample_000443,4.0,0.5,209.0,112.51399363550229
9165__sample_000444,4.0,1.0,2004.0,113.18615887939443
360438__sample_000445,23.0,1.0,454.0,113.21319712881075
110199__sample_000446,8.0,1.0,357.0,113.90526061052044
294560__sample_000447,8.0,1.0,443.0,114.19635708140993
296940__sample_000448,8.0,0.2,592.0,114.2139189939827
101762__sample_000449,4.0,1.0,945.0,114.30343209808976
71588__sample_000450,2.0,1.0,169.0,114.61132984687009
118898__sample_000451,8.0,1.0,22.0,114.62876132871878
383555__sample_000452,112.0,0.8,1185.0,114.84693176099252
137647__sample_000453,8.0,1.0,29.0,114.95304904387037
40000__sample_000454,12.0,1.0,831.0,115.19554809148907
39871__sample_000455,4.0,1.0,32.0,115.20725340130856
93184__sample_000456,2.0,1.0,65.0,115.72028161252778
455531__sample_000457,28.0,0.2,610.0,116.62783020631387
80562__sample_000458,2.0,1.0,193.0,117.49528912243682
349364__sample_000459,184.0,0.8,352.0,117.84151478667712
69593__sample_000460,2.0,1.0,384.0,117.87635508638557
148298__sample_000461,8.0,1.0,30.0,118.23133151917567
416423__sample_000462,92.0,0.4,3626.0,118.2375550747463
299112__sample_000463,8.0,1.0,1424.0,118.24314806167992
154136__sample_000464,8.0,1.0,110.0,118.34089450423423
344963__sample_000465,60.0,0.4,673.0,118.50856642296465
301623__sample_000466,8.0,0.2,1679.0,118.87642865361062
86228__sample_000467,2.0,1.0,138.0,119.16387508533332
368353__sample_000468,13.0,1.0,1709.0,119.31147883218225
217898__sample_000469,8.0,1.0,10.0,119.39140162282185
214553__sample_000470,8.0,1.0,10.0,120.8542838132361
54162__sample_000471,2.0,1.0,92.0,120.9931442607636
138600__sample_000472,8.0,1.0,1034.0,121.14323477286973
410420__sample_000473,16.0,1.0,1860.0,121.18790397098337
85402__sample_000474,2.0,1.0,188.0,121.5838581461427
196657__sample_000475,8.0,1.0,1146.0,121.87964120565185
245309__sample_000476,8.0,1.0,1954.0,121.94200333801514
129773__sample_000477,8.0,1.0,24.0,121.96349660224074
186133__sample_000478,4.0,0.5,343.0,122.24874555742505
280603__sample_000479,8.0,1.0,1441.0,122.51444433103084
197480__sample_000480,8.0,1.0,211.0,122.59424079319928
39147__sample_000481,4.0,1.0,162.0,123.34752939479556
85771__sample_000482,2.0,1.0,318.0,123.38847046559422
214353__sample_000483,8.0,1.0,12.0,123.53002633372007
141779__sample_000484,8.0,1.0,14.0,124.24891844191998
51468__sample_000485,2.0,0.2,51.0,124.38498272759337
69386__sample_000486,2.0,1.0,338.0,124.63937398202589
385641__sample_000487,112.0,0.8,380.0,124.76608005777817
196412__sample_000488,8.0,1.0,303.0,124.84620549029489
199704__sample_000489,8.0,1.0,682.0,125.87964812257783
198840__sample_000490,8.0,1.0,1099.0,126.01127426653919
127733__sample_000491,8.0,1.0,87.0,126.57258739325123
360043__sample_000492,28.0,0.2,1139.0,126.6379138463722
62273__sample_000493,2.0,1.0,110.0,126.69782886671692
230169__sample_000494,4.0,1.0,2671.0,126.70573612899081
358515__sample_000495,184.0,0.8,536.0,126.9693850937098
104779__sample_000496,4.0,1.0,915.0,127.08430985725285
61570__sample_000497,2.0,1.0,531.0,127.58374437195954
264532__sample_000498,8.0,1.0,725.0,127.74398265063525
252902__sample_000499,4.0,1.0,1830.0,128.60600323593545
5550__sample_000500,4.0,0.5,41.0,128.65730628050065
303421__sample_000501,8.0,0.8,1562.0,129.1647276566831
151636__sample_000502,8.0,1.0,43.0,129.53942198285168
326742__sample_000503,120.0,0.8,3249.0,129.9078449938242
253576__sample_000504,4.0,1.0,1895.0,130.37357814652785
42940__sample_000505,4.0,0.3,16.0,130.73142617467877
219034__sample_000506,8.0,1.0,10.0,130.97744836228466
201051__sample_000507,8.0,1.0,136.0,131.01262185876655
127024__sample_000508,8.0,1.0,60.0,131.02088858710405
382297__sample_000509,23.0,1.0,555.0,131.6549844125576
218279__sample_000510,8.0,1.0,12.0,131.8946863349153
425221__sample_000511,12.0,1.0,3810.0,132.2927544696482
220705__sample_000512,8.0,1.0,9.0,132.45696905971565
52211__sample_000513,2.0,1.0,166.0,132.48816385075915
432907__sample_000514,56.0,0.4,3365.0,132.52159978803823
136791__sample_000515,8.0,1.0,14.0,132.81084449177442
367162__sample_000516,18.0,1.0,545.0,132.95150842175548
87953__sample_000517,2.0,1.0,124.0,133.0074583404784
409727__sample_000518,112.0,0.8,3326.0,133.17657734383073
370887__sample_000519,184.0,0.8,565.0,133.1931681065291
306356__sample_000520,8.0,1.0,2317.0,133.41121946461033
51415__sample_000521,2.0,0.2,33.0,133.48955266376345
465393__sample_000522,8.0,1.0,1713.0,133.88887948627143
200346__sample_000523,8.0,1.0,644.0,133.98177658556648
82487__sample_000524,2.0,1.0,29.0,134.1336199628653
135887__sample_000525,8.0,1.0,223.0,134.13654210937804
75036__sample_000526,2.0,1.0,845.0,134.15534341495473
108460__sample_000527,8.0,1.0,15.0,134.27994153922614
156389__sample_000528,8.0,1.0,30.0,134.44339375142116
391536__sample_000529,56.0,0.4,2843.0,134.67247927729414
451648__sample_000530,14.0,1.0,250.0,134.75868795606277
280244__sample_000531,8.0,1.0,1038.0,135.05553398466006
200697__sample_000532,8.0,1.0,885.0,135.54728086076082
209249__sample_000533,32.0,1.0,347.0,135.92564352043522
360603__sample_000534,112.0,0.8,1406.0,135.93574977453463
6626__sample_000535,4.0,0.5,413.0,136.09947523491016
309739__sample_000536,8.0,1.0,2195.0,136.12718862261255
179422__sample_000537,4.0,0.5,167.0,136.19647144330872
293345__sample_000538,8.0,1.0,447.0,137.27576710711608
77373__sample_000539,2.0,1.0,48.0,137.31419933265934
160720__sample_000540,8.0,1.0,3367.0,137.48693082171158
164126__sample_000541,4.0,0.3,380.0,137.72761643045192
247306__sample_000542,8.0,1.0,2029.0,138.03067225916635
1357__sample_000543,4.0,0.1,800.0,138.23571786517587
242832__sample_000544,8.0,1.0,2060.0,138.238172589022
292634__sample_000545,8.0,0.2,1600.0,138.3369750480215
261808__sample_000546,8.0,1.0,1369.0,138.51927832141465
113555__sample_000547,8.0,1.0,14.0,138.54227055069066
30538__sample_000548,20.0,0.8,634.0,138.65020752346157
87756__sample_000549,2.0,1.0,92.0,138.65864923488795
143990__sample_000550,8.0,1.0,29.0,138.67910865728996
376900__sample_000551,13.0,1.0,1024.0,138.80553637067385
216207__sample_000552,8.0,1.0,10.0,138.84113349715503
264289__sample_000553,16.0,0.2,1782.0,139.05070034813457
367953__sample_000554,184.0,0.8,1494.0,139.34306498892417
267662__sample_000555,8.0,1.0,1070.0,139.74615891870187
270581__sample_000556,16.0,0.2,3475.0,139.80199176226634
127021__sample_000557,8.0,1.0,50.0,139.8478170460501
410687__sample_000558,16.0,1.0,2448.0,139.87542925037135
309111__sample_000559,8.0,1.0,1925.0,140.1283752790474
154126__sample_000560,8.0,1.0,40.0,140.4348240139253
127026__sample_000561,8.0,1.0,3953.0,140.4428479506093
300521__sample_000562,8.0,1.0,1987.0,141.1308964642215
107561__sample_000563,8.0,1.0,100.0,141.14423908564126
306828__sample_000564,8.0,0.2,129.0,141.33907680766518
177196__sample_000565,4.0,0.5,778.0,141.6477368086805
263635__sample_000566,8.0,1.0,251.0,142.1596626967942
376703__sample_000567,92.0,0.4,1122.0,142.47267956501219
69010__sample_000568,2.0,1.0,116.0,142.87720853316137
384637__sample_000569,56.0,0.4,480.0,142.98087922044797
440500__sample_000570,14.0,1.0,877.0,143.40249286278495
68628__sample_000571,2.0,1.0,330.0,143.4233694752245
353279__sample_000572,28.0,0.2,866.0,143.9863820549208
418791__sample_000573,12.0,1.0,1376.0,144.18467497564052
65654__sample_000574,2.0,1.0,131.0,144.6096493780569
295950__sample_000575,8.0,1.0,991.0,144.76016462104067
351256__sample_000576,104.0,0.8,1050.0,145.0180743714707
111758__sample_000577,8.0,1.0,14.0,145.2049238249604
380141__sample_000578,112.0,0.8,4127.0,145.5337332837071
358333__sample_000579,112.0,0.8,617.0,145.55502200867934
87127__sample_000580,2.0,1.0,258.0,145.5705845165091
115929__sample_000581,8.0,1.0,118.0,145.64154130589407
157872__sample_000582,8.0,1.0,23.0,145.68499417752287
155047__sample_000583,8.0,1.0,31.0,146.19850306677347
68127__sample_000584,2.0,1.0,882.0,146.2603666063186
444214__sample_000585,16.0,1.0,490.0,147.1913923086771
139078__sample_000586,8.0,1.0,3436.0,147.29409808975996
76968__sample_000587,2.0,1.0,744.0,147.34435736575466
96388__sample_000588,2.0,1.0,403.0,147.73416064015325
38270__sample_000589,4.0,1.0,66.0,148.00291469148863
142146__sample_000590,8.0,1.0,15.0,148.1753009686695
43310__sample_000591,4.0,0.3,20.0,148.37792554344838
245032__sample_000592,8.0,1.0,1776.0,148.69545527838062
204701__sample_000593,4.0,1.0,100.0,148.7602952648023
184409__sample_000594,4.0,0.5,310.0,150.16245307281423
311052__sample_000595,4.0,1.0,910.0,151.08261306728676
228561__sample_000596,8.0,1.0,9.0,151.34530133981988
222466__sample_000597,8.0,1.0,10.0,151.40094428443712
347487__sample_000598,28.0,0.2,388.0,151.68598123325597
253836__sample_000599,8.0,1.0,31.0,151.70471557621454
89367__sample_000600,2.0,1.0,63.0,151.71249860534544
12892__sample_000601,4.0,1.0,2096.0,151.78699329363016
120080__sample_000602,8.0,1.0,33.0,151.9422571190985
365335__sample_000603,112.0,0.8,452.0,152.44901210039623
151169__sample_000604,8.0,1.0,14.0,152.7737378451007
404608__sample_000605,112.0,0.8,509.0,153.11312232128802
180755__sample_000606,4.0,0.5,170.0,153.25168321613987
246141__sample_000607,8.0,1.0,1993.0,153.35782034931225
253282__sample_000608,4.0,1.0,1960.0,153.47374176194907
264781__sample_000609,8.0,1.0,1509.0,154.57225773482818
118952__sample_000610,8.0,1.0,34.0,154.58249167033918
382409__sample_000611,112.0,0.8,15.0,155.08690241827813
40781__sample_000612,4.0,0.3,53.0,155.30299035361628
323390__sample_000613,4.0,1.0,2610.0,155.44732762387494
215619__sample_000614,8.0,1.0,7.0,155.77030801574716
120956__sample_000615,8.0,1.0,71.0,155.93701659164697
262796__sample_000616,8.0,1.0,1034.0,156.4537431769639
178893__sample_000617,4.0,0.5,533.0,157.03115029686901
126812__sample_000618,8.0,1.0,3520.0,157.16807497220753
81460__sample_000619,2.0,1.0,33.0,157.24910194897882
276892__sample_000620,8.0,1.0,3081.0,157.47343872946405
261213__sample_000621,8.0,0.2,1516.0,158.08207771434496
17983__sample_000622,32.0,1.0,492.0,158.14121793908248
23013__sample_000623,80.0,0.8,2142.0,158.38507330350737
383803__sample_000624,184.0,0.8,382.0,158.63469280356375
396919__sample_000625,112.0,0.8,1157.0,158.96492530734545
464579__sample_000626,8.0,0.4,216.0,159.00019171477112
387493__sample_000627,92.0,0.4,1421.0,159.3147329420529
335816__sample_000628,12.0,1.0,1213.0,159.91404624362522
162126__sample_000629,8.0,1.0,156.0,159.96356238382026
413466__sample_000630,48.0,1.0,2161.0,160.03136478174204
21725__sample_000631,4.0,1.0,2002.0,160.91990904145743
365181__sample_000632,184.0,0.8,507.0,160.96981980514622
138915__sample_000633,8.0,1.0,42.0,161.45151724708538
274638__sample_000634,8.0,1.0,2114.0,161.62097248272377
364796__sample_000635,14.0,1.0,316.0,161.69197172522237
6337__sample_000636,4.0,0.5,845.0,162.2034732256586
449579__sample_000637,15.0,1.0,2160.0,162.3508075570486
122186__sample_000638,8.0,1.0,33.0,162.53161502432388
262621__sample_000639,8.0,1.0,1056.0,162.64288751411834
28207__sample_000640,4.0,1.0,1131.0,162.86759284978962
86949__sample_000641,2.0,1.0,37.0,162.91223217419403
135182__sample_000642,8.0,1.0,29.0,163.0362499007849
342439__sample_000643,13.0,1.0,348.0,163.90803941124017
179680__sample_000644,4.0,0.5,152.0,163.98268588134616
57867__sample_000645,2.0,1.0,878.0,164.25000022747543
441561__sample_000646,14.0,1.0,671.0,164.34833127857266
83128__sample_000647,2.0,1.0,337.0,164.71955420124945
461585__sample_000648,8.0,1.0,1133.0,164.75462089615198
222230__sample_000649,8.0,1.0,8.0,165.62977350975808
31451__sample_000650,8.0,1.0,1588.0,165.78096124029926
10008__sample_000651,4.0,1.0,2023.0,165.8482746261737
89931__sample_000652,2.0,1.0,36.0,165.8673590568127
303198__sample_000653,8.0,0.2,2316.0,165.91386854183884
49790__sample_000654,2.0,0.2,107.0,166.09724312819623
132402__sample_000655,8.0,1.0,40.0,166.19998939814752
195726__sample_000656,8.0,1.0,741.0,166.64134186917806
270975__sample_000657,8.0,1.0,1399.0,166.78226116684945
120433__sample_000658,8.0,1.0,3531.0,166.8537534760934
464206__sample_000659,84.0,0.8,413.0,167.09377820523676
55696__sample_000660,2.0,1.0,75.0,167.4004838569766
220900__sample_000661,8.0,1.0,10.0,167.44617684389806
307665__sample_000662,8.0,0.2,1902.0,167.49204316143076
293067__sample_000663,8.0,0.2,598.0,167.50138334343313
60397__sample_000664,2.0,1.0,231.0,167.83471587363059
225190__sample_000665,8.0,1.0,8.0,168.10723150491737
645__sample_000666,4.0,0.1,823.0,168.2681450473262
295408__sample_000667,8.0,1.0,1359.0,168.73289316999524
345285__sample_000668,184.0,0.8,1235.0,169.1424427502876
422612__sample_000669,16.0,1.0,271.0,169.36252550369656
126219__sample_000670,8.0,1.0,3533.0,169.8692781603288
307653__sample_000671,8.0,1.0,2496.0,169.92689612292145
49607__sample_000672,2.0,0.2,95.0,169.95656937826902
181396__sample_000673,4.0,0.5,177.0,170.03516132970105
1599__sample_000674,4.0,0.1,1365.0,170.04985660638354
389852__sample_000675,104.0,0.8,815.0,170.23923511709202
299568__sample_000676,8.0,0.4,1057.0,170.92883041844252
387353__sample_000677,15.0,1.0,385.0,170.93886502254486
413880__sample_000678,48.0,1.0,270.0,170.97142349254065
77127__sample_000679,2.0,1.0,141.0,171.12188430461615
72586__sample_000680,2.0,1.0,347.0,171.80093646808515
103500__sample_000681,4.0,1.0,963.0,171.89594287084935
89417__sample_000682,2.0,1.0,34.0,172.0728734967922
346103__sample_000683,52.0,0.4,1492.0,172.08348893004245
5912__sample_000684,4.0,0.5,2317.0,172.12363184287656
80716__sample_000685,2.0,1.0,302.0,173.2023196140099
92351__sample_000686,2.0,1.0,37.0,174.04127069096486
26986__sample_000687,8.0,1.0,1697.0,174.04250874670834
424265__sample_000688,12.0,1.0,4469.0,174.80066894637804
184313__sample_000689,4.0,0.5,308.0,175.05547134977016
371896__sample_000690,14.0,1.0,532.0,175.5615549915143
174496__sample_000691,4.0,0.5,137.0,175.7131780587873
279412__sample_000692,8.0,1.0,1016.0,175.89438707596173
67492__sample_000693,2.0,1.0,27.0,176.06215845083895
399627__sample_000694,112.0,0.8,2981.0,176.33695976010534
216659__sample_000695,8.0,1.0,9.0,176.3745641236577
74678__sample_000696,2.0,1.0,379.0,176.3821721188877
48965__sample_000697,2.0,0.2,1827.0,176.47418914089113
3759__sample_000698,4.0,0.5,200.0,176.77911372777635
204423__sample_000699,4.0,1.0,491.0,176.8354794913855
369894__sample_000700,112.0,0.8,701.0,177.11525909371852
98829__sample_000701,4.0,1.0,1640.0,177.99116669127582
278700__sample_000702,8.0,1.0,1832.0,178.01581828970626
179906__sample_000703,4.0,0.5,314.0,178.2949630606824
332555__sample_000704,12.0,1.0,2047.0,178.44159752062168
40589__sample_000705,4.0,0.3,18.0,178.94810542617006
248770__sample_000706,12.0,1.0,2803.0,178.99685070093471
406288__sample_000707,184.0,0.8,467.0,179.2917731700298
77446__sample_000708,2.0,1.0,94.0,179.74699088542923
43042__sample_000709,4.0,0.3,15.0,180.4703489822743
134803__sample_000710,8.0,1.0,277.0,180.75775804102045
255339__sample_000711,4.0,0.2,131.0,180.92963619417333
319952__sample_000712,4.0,0.8,121.0,181.17011990806105
78844__sample_000713,2.0,1.0,29.0,181.67807813540304
280717__sample_000714,8.0,1.0,739.0,181.8894254084203
441060__sample_000715,14.0,1.0,1924.0,181.89713998785376
130880__sample_000716,8.0,1.0,3729.0,182.56536636467857
86870__sample_000717,2.0,1.0,55.0,182.85778074868136
200504__sample_000718,8.0,1.0,40.0,183.13993013465122
132820__sample_000719,8.0,1.0,88.0,183.20066313415572
464714__sample_000720,60.0,0.8,25.0,183.46954738257273
73280__sample_000721,2.0,1.0,259.0,183.5947102737967
445085__sample_000722,8.0,1.0,1755.0,183.8580480577185
297786__sample_000723,8.0,1.0,479.0,183.88622632491416
113649__sample_000724,8.0,1.0,21.0,184.15434940453062
313929__sample_000725,4.0,1.0,1835.0,186.0147801319567
218870__sample_000726,8.0,1.0,8.0,186.0271333816803
61851__sample_000727,2.0,1.0,90.0,186.97209915982086
95285__sample_000728,2.0,1.0,34.0,187.10270058043452
247255__sample_000729,8.0,1.0,2334.0,187.61420894568846
68624__sample_000730,2.0,1.0,2879.0,187.99546645992203
451710__sample_000731,16.0,1.0,1947.0,188.20473023640366
315338__sample_000732,4.0,1.0,1816.0,188.54001193286683
255412__sample_000733,8.0,0.2,15.0,189.06700420810643
312074__sample_000734,4.0,1.0,913.0,189.1964417277686
259746__sample_000735,8.0,1.0,1224.0,189.29545653396633
122272__sample_000736,8.0,1.0,213.0,189.5708056132594
343150__sample_000737,184.0,0.8,286.0,189.98317007400217
358732__sample_000738,104.0,0.8,1375.0,190.3423409162073
82590__sample_000739,2.0,1.0,156.0,190.74198228531924
276105__sample_000740,8.0,1.0,1355.0,190.8849729095047
441982__sample_000741,15.0,1.0,1884.0,191.3106824361012
86391__sample_000742,2.0,1.0,29.0,191.3427001767646
250693__sample_000743,20.0,1.0,2034.0,191.53928408385067
453205__sample_000744,8.0,1.0,2251.0,191.54072791022975
421791__sample_000745,112.0,0.8,2386.0,191.63883520796554
97468__sample_000746,2.0,1.0,157.0,191.75294384862283
565__sample_000747,4.0,0.1,928.0,191.87906060742
168589__sample_000748,4.0,0.5,429.0,192.17630473292778
462879__sample_000749,8.0,1.0,233.0,192.29928856860562
366690__sample_000750,112.0,0.8,536.0,192.4481547149966
244209__sample_000751,8.0,1.0,1793.0,192.5159573771796
445385__sample_000752,12.0,1.0,4425.0,192.63275997731728
257882__sample_000753,8.0,1.0,1474.0,192.69721625170055
172389__sample_000754,4.0,0.5,179.0,192.7162195237644
42735__sample_000755,4.0,0.3,14.0,192.94745692259403
88254__sample_000756,2.0,1.0,34.0,193.2232722913618
79335__sample_000757,2.0,1.0,417.0,193.46483322389892
221174__sample_000758,8.0,1.0,13.0,193.62050262765317
450643__sample_000759,56.0,0.4,1217.0,193.73992521384815
137489__sample_000760,8.0,1.0,230.0,194.23747839432184
255785__sample_000761,8.0,0.3,916.0,194.42049290802223
379398__sample_000762,112.0,0.8,300.0,194.58358150590104
252532__sample_000763,20.0,1.0,1891.0,194.59007564438653
290207__sample_000764,8.0,0.2,4396.0,194.69442761473923
420591__sample_000765,12.0,1.0,440.0,194.81401545596393
287665__sample_000766,8.0,1.0,1030.0,194.94123183451342
87256__sample_000767,2.0,1.0,30.0,195.15820959822975
13833__sample_000768,32.0,1.0,1549.0,195.34888887431796
156517__sample_000769,8.0,1.0,29.0,195.58295171388667
267299__sample_000770,8.0,0.2,1060.0,195.94486999608338
97496__sample_000771,2.0,1.0,77.0,196.36401259645467
34274__sample_000772,80.0,0.8,480.0,196.68058378241253
408930__sample_000773,56.0,0.4,1637.0,197.45878346366356
300345__sample_000774,8.0,1.0,2307.0,197.46338367480925
132922__sample_000775,8.0,1.0,1605.0,197.5178536524874
172111__sample_000776,4.0,0.5,253.0,197.51975155712023
208589__sample_000777,32.0,1.0,582.0,197.78040978872218
122726__sample_000778,8.0,1.0,3586.0,198.3511802912388
186548__sample_000779,4.0,0.5,505.0,198.42093762730823
88505__sample_000780,2.0,1.0,987.0,199.07537991886417
296108__sample_000781,8.0,1.0,1765.0,199.09091989434884
321345__sample_000782,4.0,1.0,3958.0,199.77210212509888
307352__sample_000783,8.0,1.0,2055.0,199.8804227449255
152587__sample_000784,8.0,1.0,20.0,199.9071578602735
42288__sample_000785,4.0,0.3,16.0,200.07347849749834
372936__sample_000786,18.0,1.0,1291.0,200.14766813826787
165778__sample_000787,4.0,0.3,1281.0,200.2314918864158
110958__sample_000788,8.0,1.0,13.0,200.3232778332061
462613__sample_000789,48.0,0.4,1011.0,200.72944858819747
317708__sample_000790,4.0,0.8,720.0,200.92312537273204
228620__sample_000791,8.0,1.0,8.0,201.01636554667041
381821__sample_000792,28.0,0.2,298.0,201.25198173690904
73760__sample_000793,2.0,1.0,3344.0,201.56680966807107
393783__sample_000794,112.0,0.8,331.0,201.64638760362308
270664__sample_000795,8.0,0.4,1235.0,201.77980418711286
388495__sample_000796,28.0,0.2,2547.0,201.8122989269932
178586__sample_000797,4.0,0.5,144.0,201.86226231892374
426909__sample_000798,12.0,1.0,2521.0,202.14799574208027
367218__sample_000799,13.0,1.0,617.0,202.1980473824512
301317__sample_000800,8.0,0.4,1330.0,202.3842435073842
142288__sample_000801,8.0,1.0,12.0,202.69289125724413
259435__sample_000802,8.0,0.2,1300.0,202.72114897812423
61092__sample_000803,2.0,1.0,551.0,202.93058369626627
197261__sample_000804,8.0,1.0,75.0,203.0047014362894
217489__sample_000805,8.0,1.0,25.0,203.82841717924137
91182__sample_000806,2.0,1.0,172.0,203.99360927207306
181792__sample_000807,4.0,0.5,136.0,204.4035739514319
437258__sample_000808,28.0,0.2,162.0,204.60332676393028
135093__sample_000809,8.0,1.0,33.0,204.61442252625025
460079__sample_000810,32.0,0.4,1262.0,204.86512402214385
463483__sample_000811,8.0,0.4,32.0,205.62117415217503
224648__sample_000812,8.0,1.0,312.0,205.8512562578635
128600__sample_000813,8.0,1.0,1006.0,206.27883181154044
375541__sample_000814,52.0,0.4,577.0,206.81781844407894
103106__sample_000815,4.0,1.0,985.0,206.88253696053806
32396__sample_000816,8.0,1.0,1621.0,206.9421154840831
8309__sample_000817,4.0,0.5,3290.0,207.17814725026048
405043__sample_000818,184.0,0.8,819.0,207.31049160834388
97404__sample_000819,2.0,1.0,388.0,207.7684203538861
45931__sample_000820,2.0,0.2,252.0,208.34412444231432
73296__sample_000821,2.0,1.0,2669.0,208.4531395619202
77779__sample_000822,2.0,1.0,58.0,208.5207214655723
118909__sample_000823,8.0,1.0,31.0,208.89985128952043
27326__sample_000824,16.0,0.8,3664.0,208.98018032020397
269984__sample_000825,8.0,0.2,36.0,209.41253755158374
72289__sample_000826,2.0,1.0,3047.0,209.55033587677258
213631__sample_000827,8.0,1.0,24.0,209.82565225257392
251287__sample_000828,20.0,1.0,1739.0,209.8507552568967
332735__sample_000829,12.0,1.0,2582.0,210.09520327416303
39054__sample_000830,4.0,1.0,44.0,210.24546730865373
178671__sample_000831,4.0,0.5,167.0,210.46630733467038
171681__sample_000832,4.0,0.5,150.0,210.51229231340116
431398__sample_000833,112.0,0.8,108.0,210.8460726395883
266722__sample_000834,8.0,0.2,1301.0,211.34264620539128
61704__sample_000835,2.0,1.0,179.0,211.4037187870634
200816__sample_000836,8.0,1.0,1138.0,211.42887133987912
157816__sample_000837,8.0,1.0,33.0,211.434851954862
432204__sample_000838,16.0,1.0,712.0,211.6916376268744
259597__sample_000839,8.0,1.0,1366.0,211.9251838702054
159314__sample_000840,8.0,1.0,80.0,212.12298272355127
50640__sample_000841,2.0,0.2,175.0,212.1889568892866
175585__sample_000842,4.0,0.5,319.0,212.3129025555529
447494__sample_000843,14.0,1.0,3018.0,212.53854656743775
418594__sample_000844,12.0,1.0,1351.0,212.71022199618574
390200__sample_000845,52.0,0.4,1036.0,213.81150528703108
246765__sample_000846,8.0,1.0,1939.0,213.8481781901849
435186__sample_000847,12.0,1.0,2526.0,214.14515758079003
66120__sample_000848,2.0,1.0,99.0,214.27466998099263
174319__sample_000849,4.0,0.5,316.0,214.41441131240555
211870__sample_000850,12.0,1.0,147.0,214.7305170277603
180171__sample_000851,4.0,0.5,182.0,215.02528517159024
286134__sample_000852,8.0,1.0,1056.0,216.21013187355632
40909__sample_000853,4.0,0.3,17.0,216.24448640459048
400020__sample_000854,14.0,1.0,270.0,216.27197071710063
163715__sample_000855,4.0,0.1,65.0,216.59411640851903
25145__sample_000856,32.0,0.8,2369.0,216.81003322113602
257307__sample_000857,8.0,1.0,1503.0,216.89013986924854
398718__sample_000858,88.0,0.8,472.0,216.9108275410855
422628__sample_000859,15.0,1.0,269.0,216.93321525885148
66395__sample_000860,2.0,1.0,140.0,217.49474488696788
81470__sample_000861,2.0,1.0,841.0,217.54800214493287
449594__sample_000862,56.0,0.4,138.0,217.64566039316975
37153__sample_000863,4.0,1.0,41.0,217.70991835069367
95102__sample_000864,2.0,1.0,413.0,217.81954315939626
462794__sample_000865,8.0,1.0,430.0,217.83753099957917
343978__sample_000866,112.0,0.8,21.0,218.02053408008555
173603__sample_000867,4.0,0.5,250.0,218.0380357916799
96031__sample_000868,2.0,1.0,28.0,218.44084130221972
210860__sample_000869,8.0,1.0,3510.0,218.5073906291408
28196__sample_000870,8.0,1.0,1636.0,218.70152930192793
295775__sample_000871,8.0,1.0,2617.0,219.23176000605037
435419__sample_000872,112.0,0.8,30.0,219.49484301615294
78004__sample_000873,2.0,1.0,451.0,219.68517692429663
309958__sample_000874,8.0,1.0,1990.0,219.78319093491766
245566__sample_000875,8.0,1.0,1801.0,219.88443296022362
253021__sample_000876,4.0,1.0,1999.0,220.16121024786605
173700__sample_000877,4.0,0.5,149.0,221.44608441654287
231020__sample_000878,4.0,1.0,2456.0,221.71714284828417
293750__sample_000879,8.0,0.2,808.0,221.92113172602618
372335__sample_000880,112.0,0.8,716.0,222.24906810707438
9785__sample_000881,4.0,1.0,2123.0,222.40553633906998
256469__sample_000882,8.0,1.0,1252.0,222.42104304994078
157112__sample_000883,8.0,1.0,20.0,222.62759661497677
215809__sample_000884,8.0,1.0,9.0,223.41789747180061
462615__sample_000885,8.0,0.4,1412.0,223.4660822625358
289549__sample_000886,8.0,1.0,1063.0,223.75888195215285
224249__sample_000887,8.0,1.0,68.0,223.8149597880884
417775__sample_000888,12.0,1.0,3100.0,224.00683464459502
86088__sample_000889,2.0,1.0,54.0,224.0322532655206
432575__sample_000890,10.0,1.0,189.0,224.18188117998207
189915__sample_000891,15.0,1.0,971.0,224.5346953446177
33973__sample_000892,8.0,1.0,1574.0,224.64145878498906
419628__sample_000893,12.0,1.0,1128.0,224.91479910320808
306265__sample_000894,8.0,1.0,2087.0,225.31153476393717
332481__sample_000895,12.0,1.0,1759.0,225.96646843711324
52051__sample_000896,2.0,1.0,917.0,226.03332135904213
43407__sample_000897,4.0,0.3,24.0,226.16074289227078
170582__sample_000898,4.0,0.5,219.0,226.20208422860136
7024__sample_000899,4.0,0.5,447.0,227.42474796911338
213790__sample_000900,8.0,1.0,9.0,228.07907524340303
417790__sample_000901,12.0,1.0,2324.0,228.2731841431028
207512__sample_000902,16.0,1.0,463.0,228.7345268911183
179947__sample_000903,4.0,0.5,142.0,228.91851862994287
125203__sample_000904,8.0,1.0,3794.0,229.1627848420983
146963__sample_000905,8.0,1.0,531.0,229.18612208698406
197796__sample_000906,8.0,1.0,125.0,229.53802244577298
292774__sample_000907,8.0,1.0,1060.0,229.5721817795802
73457__sample_000908,2.0,1.0,1303.0,230.00945396331403
212897__sample_000909,20.0,0.2,89.0,230.3903012300687
433413__sample_000910,15.0,1.0,367.0,230.69868999734211
175608__sample_000911,4.0,0.5,241.0,230.707897589355
108658__sample_000912,8.0,1.0,615.0,230.7981860993679
320124__sample_000913,4.0,0.8,90.0,230.8745161341627
222842__sample_000914,8.0,1.0,10.0,230.98614119966757
57839__sample_000915,2.0,1.0,4311.0,231.00907210981066
123240__sample_000916,8.0,1.0,1580.0,231.70005993503366
183296__sample_000917,4.0,0.5,320.0,231.90180818972445
48745__sample_000918,2.0,0.2,172.0,231.99295772021134
157587__sample_000919,8.0,1.0,17.0,232.119409577988
134148__sample_000920,8.0,1.0,59.0,232.26760047854864
338193__sample_000921,8.0,0.3,95.0,232.49704489610383
309309__sample_000922,8.0,1.0,3068.0,232.6782969591152
378175__sample_000923,112.0,0.8,55.0,233.3078362207446
113836__sample_000924,8.0,1.0,158.0,233.4796093489748
350193__sample_000925,14.0,1.0,2091.0,234.69167516531488
214902__sample_000926,8.0,1.0,8.0,235.16834144364694
57342__sample_000927,2.0,1.0,119.0,235.2268011146068
230677__sample_000928,12.0,1.0,22.0,235.893750979754
401441__sample_000929,56.0,0.4,362.0,235.92467917463148
452178__sample_000930,14.0,1.0,223.0,236.34986156813417
426950__sample_000931,12.0,1.0,2052.0,236.46962197280095
152606__sample_000932,8.0,1.0,245.0,236.99550291486176
195841__sample_000933,8.0,1.0,468.0,237.50184864465066
421643__sample_000934,46.0,0.2,664.0,237.91172680924004
101985__sample_000935,4.0,1.0,912.0,238.3019249826311
97183__sample_000936,2.0,1.0,28.0,238.39277045002905
396430__sample_000937,14.0,1.0,178.0,238.41386578232922
153473__sample_000938,8.0,1.0,14.0,238.5428170235148
459067__sample_000939,84.0,0.8,13.0,238.59046327935647
249984__sample_000940,20.0,1.0,1963.0,238.88728406710084
284015__sample_000941,8.0,1.0,1802.0,238.9934841736541
434089__sample_000942,14.0,1.0,2075.0,239.92188174918587
67918__sample_000943,2.0,1.0,335.0,240.1779705278199
254366__sample_000944,8.0,1.0,1308.0,240.6101393216724
67204__sample_000945,2.0,1.0,53.0,240.64568137386402
443762__sample_000946,8.0,1.0,613.0,241.14083300969813
30431__sample_000947,8.0,1.0,3290.0,241.78103337185217
438194__sample_000948,8.0,1.0,1755.0,241.94793340698925
383063__sample_000949,112.0,0.8,3101.0,242.1809450444455
392093__sample_000950,112.0,0.8,1251.0,242.54278522802846
354334__sample_000951,104.0,0.8,1886.0,242.5908293051421
77213__sample_000952,2.0,1.0,3658.0,242.7654024421962
415846__sample_000953,92.0,0.4,337.0,242.8925523961136
62276__sample_000954,2.0,1.0,413.0,242.9321179238749
174721__sample_000955,4.0,0.5,302.0,243.04665029448907
450659__sample_000956,14.0,1.0,563.0,243.0643021351651
215281__sample_000957,8.0,1.0,9.0,243.0708398551573
321096__sample_000958,20.0,1.0,1683.0,243.10714436323943
229015__sample_000959,8.0,1.0,8.0,243.93213269823372
273351__sample_000960,8.0,1.0,466.0,244.13149838987326
188345__sample_000961,4.0,0.5,849.0,244.97554284784428
101246__sample_000962,4.0,1.0,1913.0,245.11717054559634
163473__sample_000963,4.0,1.0,1664.0,245.210595352679
62967__sample_000964,2.0,1.0,3850.0,245.38697209637334
95202__sample_000965,2.0,1.0,125.0,245.53170881902997
344941__sample_000966,112.0,0.8,2955.0,245.55962744417957
247368__sample_000967,8.0,1.0,2187.0,245.81561474527894
140829__sample_000968,8.0,1.0,20.0,245.87646348577852
267245__sample_000969,8.0,1.0,595.0,246.11808855690495
131425__sample_000970,8.0,1.0,1359.0,246.38068776673612
451199__sample_000971,4.0,1.0,570.0,246.42191375462474
284584__sample_000972,8.0,1.0,1079.0,246.43774180686236
458888__sample_000973,32.0,0.2,974.0,246.81714068016834
95417__sample_000974,2.0,1.0,1912.0,246.9710948356912
117883__sample_000975,8.0,1.0,35.0,246.98607581071715
348972__sample_000976,112.0,0.8,271.0,248.30405880490133
359861__sample_000977,184.0,0.8,3752.0,248.31893807525745
46986__sample_000978,2.0,0.2,16.0,248.6158278286325
164694__sample_000979,4.0,0.3,1008.0,249.64465234804672
272227__sample_000980,8.0,0.2,1361.0,249.712992002286
9959__sample_000981,4.0,1.0,2030.0,249.7513524675944
50765__sample_000982,2.0,0.2,214.0,249.7837045691004
74781__sample_000983,2.0,1.0,573.0,249.87404574558568
102068__sample_000984,4.0,1.0,964.0,249.90067654647356
100946__sample_000985,4.0,1.0,1689.0,250.1952214139556
55599__sample_000986,2.0,1.0,96.0,250.2113005299055
47972__sample_000987,4.0,0.3,71.0,250.38934334301413
466224__sample_000988,32.0,0.4,992.0,251.8175633147141
224531__sample_000989,8.0,1.0,8.0,252.23802550888328
53492__sample_000990,2.0,1.0,1203.0,252.47679602803825
51264__sample_000991,2.0,0.2,1254.0,252.56820823631
10274__sample_000992,4.0,1.0,1800.0,252.81268052201474
135679__sample_000993,8.0,1.0,3979.0,252.99986741098462
218566__sample_000994,8.0,1.0,8.0,253.1386852013138
141553__sample_000995,8.0,1.0,42.0,253.1737049327789
301616__sample_000996,8.0,0.4,1996.0,253.7179226977319
108285__sample_000997,8.0,1.0,3068.0,253.8672840801801
141812__sample_000998,8.0,1.0,21.0,253.92139512569545
245056__sample_000999,8.0,1.0,1847.0,254.03601642154118
